theta,dist
0.44, 01783.00
1.06, 01780.00
1.69, 01778.00
2.31, 01754.00
2.95, 01744.00
3.58, 01732.00
4.22, 01730.00
4.84, 01723.00
5.47, 01711.00
6.11, 01707.00
6.88, 01703.00
7.38, 01691.00
8.14, 01690.00
8.66, 01677.00
9.28, 01675.00
9.92, 01671.00
10.69, 01668.00
11.31, 01664.00
11.95, 01662.00
12.47, 01650.00
13.22, 01644.00
13.86, 01644.00
14.38, 01638.00
15.14, 01647.00
15.77, 01644.00
16.28, 01652.00
16.92, 01640.00
17.55, 01638.00
18.19, 01626.00
18.95, 01620.00
19.58, 01618.00
20.09, 01629.00
20.73, 01622.00
21.48, 01615.00
22.12, 01617.00
22.77, 01612.00
23.39, 01618.00
24.03, 01615.00
24.67, 01608.00
25.31, 01616.00
25.95, 01614.00
26.59, 01612.00
27.23, 01617.00
27.89, 01615.00
28.41, 01610.00
29.05, 01633.00
29.69, 01636.00
30.47, 01641.00
31.11, 01642.00
31.64, 01640.00
32.39, 01644.00
33.05, 01645.00
33.56, 01653.00
34.20, 01658.00
34.97, 01656.00
35.50, 01658.00
36.14, 01884.00
36.78, 01649.00
37.55, 01656.00
38.20, 01668.00
38.84, 01661.00
39.48, 01662.00
40.12, 01686.00
40.78, 01678.00
41.30, 01684.00
41.94, 01698.00
42.58, 01689.00
43.36, 01697.00
43.88, 01710.00
44.52, 01713.00
45.16, 01719.00
45.81, 01726.00
46.44, 01743.00
47.08, 01748.00
47.70, 01758.00
48.34, 01763.00
48.97, 01776.00
49.61, 01794.00
50.23, 01788.00
50.88, 01809.00
51.52, 01821.00
52.14, 01822.00
52.66, 02239.00
53.41, 01862.00
54.05, 01886.00
54.67, 01895.00
55.31, 01907.00
55.95, 01916.00
56.45, 01928.00
57.09, 01949.00
57.72, 01960.00
58.36, 01982.00
58.98, 01990.00
59.62, 02011.00
60.25, 02021.00
60.89, 02042.00
61.53, 02051.00
62.16, 02076.00
62.80, 02092.00
63.42, 02116.00
64.06, 02126.00
64.69, 02160.00
65.33, 02176.00
65.97, 02180.00
66.61, 02222.00
67.27, 02233.00
67.91, 02248.00
68.44, 02292.00
69.09, 02302.00
69.86, 02319.00
70.52, 02349.00
71.17, 02383.00
71.69, 02418.00
72.34, 02451.00
73.00, 02474.00
73.64, 02511.00
74.30, 02531.00
74.95, 02563.00
75.59, 02608.00
76.25, 02639.00
76.91, 02675.00
77.55, 02715.00
78.20, 02757.00
78.86, 02793.00
79.50, 02848.00
80.69, 02900.00
81.45, 02928.00
81.98, 02985.00
82.28, 00000.00
82.64, 03036.00
83.28, 03076.00
83.94, 03145.00
84.59, 03189.00
85.23, 03416.00
85.89, 03374.00
86.55, 03475.00
87.19, 03532.00
87.83, 03623.00
88.47, 03682.00
89.11, 03763.00
89.62, 03869.00
90.27, 03932.00
90.91, 04077.00
91.55, 04194.00
92.19, 04310.00
92.83, 04396.00
93.48, 04545.00
94.12, 04621.00
94.77, 04753.00
95.41, 04919.00
96.05, 05076.00
96.69, 05301.00
97.33, 05461.00
97.97, 05631.00
98.48, 05818.00
99.14, 06134.00
99.77, 06379.00
100.42, 06658.00
101.06, 07103.00
101.70, 07424.00
105.14, 00000.00
105.80, 00000.00
106.45, 00000.00
107.11, 00000.00
107.48, 08410.00
107.77, 00000.00
108.12, 08226.00
108.42, 00000.00
109.06, 00000.00
109.72, 00000.00
111.69, 00000.00
112.33, 00000.00
112.98, 00000.00
113.27, 08219.00
113.64, 00000.00
113.91, 08304.00
114.30, 00000.00
114.55, 08297.00
114.95, 00000.00
115.61, 00000.00
118.22, 00000.00
118.88, 00000.00
119.52, 00000.00
119.70, 08226.00
120.17, 00000.00
120.34, 08304.00
120.83, 00000.00
121.48, 00000.00
122.14, 00000.00
124.09, 00000.00
124.75, 00000.00
124.84, 08074.00
125.41, 00000.00
126.06, 00000.00
126.12, 07191.00
126.70, 00000.00
126.77, 06836.00
127.36, 00000.00
127.42, 06383.00
128.19, 05821.00
128.67, 00000.00
130.14, 05344.00
130.78, 05150.00
131.44, 04860.00
131.94, 00000.00
132.08, 04674.00
132.59, 00000.00
133.38, 04444.00
134.03, 04264.00
134.67, 04129.00
135.33, 03894.00
135.86, 00000.00
135.97, 03841.00
136.75, 03697.00
137.39, 03597.00
138.05, 03553.00
138.69, 03453.00
139.34, 03377.00
139.98, 03297.00
140.64, 03229.00
141.41, 02512.00
141.94, 03017.00
142.58, 02969.00
143.36, 02898.00
144.00, 02829.00
144.66, 02787.00
145.30, 02719.00
145.95, 02698.00
147.25, 02627.00
147.89, 02590.00
148.55, 02548.00
149.20, 02491.00
149.58, 00000.00
149.86, 02463.00
150.52, 02412.00
151.17, 02388.00
151.95, 02341.00
152.50, 02308.00
153.28, 02274.00
153.94, 02242.00
154.59, 01944.00
155.25, 02131.00
155.92, 02122.00
156.58, 02089.00
157.23, 02064.00
157.89, 02039.00
158.55, 02016.00
159.22, 01988.00
159.88, 01967.00
160.66, 01946.00
161.19, 01909.00
161.97, 01895.00
163.95, 01877.00
164.61, 01860.00
165.25, 00000.00
165.27, 01834.00
165.91, 00000.00
165.94, 01820.00
166.59, 01795.00
167.25, 01781.00
167.91, 01766.00
168.56, 01749.00
169.22, 01735.00
169.89, 01727.00
170.53, 01708.00
171.17, 01695.00
171.83, 01689.00
172.59, 01678.00
173.25, 01663.00
173.89, 01654.00
174.53, 01646.00
175.08, 01632.00
175.83, 01621.00
176.48, 01611.00
177.00, 01601.00
177.77, 01593.00
178.42, 01585.00
179.06, 01575.00
179.72, 01566.00
180.36, 01553.00
181.00, 01548.00
181.66, 01543.00
182.30, 01530.00
182.95, 01526.00
183.59, 01519.00
184.23, 01517.00
184.89, 01505.00
185.53, 01506.00
186.19, 01494.00
186.83, 01496.00
187.47, 01484.00
188.12, 01479.00
188.77, 01468.00
189.42, 01472.00
190.06, 01466.00
190.72, 01462.00
191.38, 01455.00
192.16, 01450.00
192.83, 01451.00
193.36, 01448.00
194.02, 01441.00
194.81, 01431.00
195.34, 01432.00
196.14, 01432.00
196.67, 01424.00
197.33, 01426.00
198.00, 01421.00
198.78, 01420.00
199.31, 01415.00
200.11, 01410.00
200.77, 01411.00
201.31, 01551.00
201.84, 01903.00
202.38, 02240.00
202.92, 02773.00
203.45, 03784.00
204.53, 11299.00
207.08, 00000.00
208.38, 00000.00
209.03, 00000.00
209.69, 00000.00
210.34, 00000.00
210.98, 00000.00
211.64, 00000.00
212.30, 00000.00
212.95, 00000.00
213.61, 00000.00
214.27, 00000.00
214.91, 00000.00
215.56, 00000.00
216.22, 00000.00
216.88, 00000.00
217.53, 00000.00
218.17, 00000.00
218.83, 00000.00
219.48, 00000.00
219.72, 09062.00
220.14, 00000.00
220.39, 09046.00
220.80, 00000.00
221.45, 00000.00
221.70, 08087.00
222.09, 00000.00
224.06, 00000.00
225.36, 00000.00
226.02, 00000.00
226.67, 00000.00
227.33, 00000.00
227.64, 06070.00
227.98, 00000.00
228.42, 05840.00
228.62, 00000.00
228.95, 05710.00
229.28, 00000.00
229.75, 05547.00
229.94, 00000.00
230.41, 05438.00
231.06, 05312.00
231.72, 05214.00
232.39, 05113.00
233.05, 04954.00
233.70, 04814.00
234.36, 04766.00
235.03, 04659.00
235.69, 04575.00
236.34, 04503.00
237.02, 04422.00
237.67, 04305.00
238.33, 04241.00
239.00, 04175.00
239.66, 04078.00
240.31, 04052.00
240.98, 03985.00
241.64, 03890.00
242.30, 03835.00
242.97, 03789.00
243.75, 03717.00
244.41, 03648.00
245.06, 03618.00
245.73, 03590.00
246.39, 03496.00
247.05, 03360.00
247.72, 03427.00
248.38, 03348.00
249.03, 03260.00
249.70, 03225.00
250.36, 03169.00
251.02, 03217.00
251.69, 03208.00
252.34, 03157.00
253.00, 03135.00
253.67, 03129.00
254.33, 03063.00
255.00, 03051.00
255.67, 03022.00
256.34, 02973.00
257.02, 02954.00
257.69, 02931.00
258.48, 02898.00
259.03, 02878.00
259.83, 02848.00
260.50, 02811.00
261.17, 02804.00
261.84, 02780.00
262.52, 02776.00
263.19, 02734.00
263.86, 02719.00
264.53, 02766.00
265.19, 02827.00
265.86, 02866.00
266.41, 02949.00
267.08, 03042.00
267.75, 03055.00
268.42, 03119.00
269.09, 03206.00
269.77, 03259.00
270.44, 03353.00
271.11, 03427.00
271.78, 03516.00
272.45, 03611.00
273.12, 03703.00
273.67, 03775.00
274.34, 03891.00
275.02, 04081.00
276.34, 04353.00
277.64, 00000.00
278.94, 00000.00
279.59, 00000.00
280.25, 00000.00
280.91, 00000.00
281.55, 00000.00
282.20, 00000.00
282.86, 00000.00
283.52, 00000.00
284.17, 00000.00
284.83, 00000.00
285.47, 00000.00
286.12, 00000.00
286.78, 00000.00
287.44, 00000.00
287.61, 11191.00
288.09, 00000.00
288.28, 10234.00
288.73, 00000.00
290.28, 16095.00
290.70, 00000.00
291.36, 00000.00
292.66, 00000.00
293.31, 00000.00
293.97, 00000.00
294.62, 00000.00
295.28, 00000.00
295.92, 00000.00
296.58, 00000.00
297.23, 00000.00
297.89, 00000.00
298.55, 00000.00
299.19, 00000.00
299.84, 00000.00
300.50, 00000.00
301.16, 00000.00
301.81, 00000.00
302.47, 00000.00
303.11, 00000.00
303.56, 07624.00
303.77, 00000.00
304.23, 07504.00
304.42, 00000.00
304.89, 07419.00
305.55, 07226.00
306.20, 07231.00
306.88, 07166.00
307.53, 07094.00
308.19, 07009.00
308.84, 07147.00
309.52, 07013.00
310.17, 07094.00
310.83, 06166.00
311.61, 05720.00
312.28, 05512.00
312.94, 05352.00
313.59, 05204.00
314.25, 05029.00
314.92, 04885.00
316.23, 04344.00
316.83, 00000.00
316.89, 04111.00
317.56, 04013.00
318.23, 03896.00
319.03, 03825.00
320.39, 03644.00
320.75, 00000.00
321.08, 03578.00
321.75, 03504.00
322.44, 03428.00
323.11, 03442.00
323.78, 03459.00
324.47, 03468.00
325.14, 03504.00
325.83, 03539.00
326.38, 04193.00
327.73, 04233.00
327.94, 00000.00
328.42, 04276.00
329.09, 04376.00
329.77, 04383.00
330.47, 04394.00
331.12, 04420.00
331.81, 04453.00
332.48, 04507.00
333.42, 02663.00
334.09, 02635.00
334.77, 02614.00
335.45, 02581.00
336.12, 02534.00
336.81, 02509.00
337.50, 02472.00
338.17, 02439.00
338.84, 02405.00
339.53, 02346.00
340.19, 02305.00
340.98, 02324.00
341.53, 02280.00
342.33, 02264.00
343.00, 02208.00
343.67, 02201.00
344.34, 02158.00
345.02, 02140.00
345.67, 02117.00
346.34, 02104.00
347.02, 02089.00
347.69, 02063.00
348.36, 02037.00
349.03, 02007.00
349.70, 01965.00
350.50, 01908.00
351.16, 01867.00
351.83, 01902.00
352.12, 01929.00
352.75, 01916.00
353.38, 01904.00
354.14, 01886.00
354.73, 00000.00
355.27, 01884.00
355.91, 01855.00
356.66, 01853.00
357.28, 01838.00
357.91, 01832.00
358.55, 01815.00
359.17, 01796.00
359.80, 01785.00
0.77, 00000.00
1.22, 01786.00
1.89, 01780.00
2.56, 01763.00
3.23, 01748.00
3.91, 01747.00
4.58, 01732.00
5.25, 01731.00
5.94, 01721.00
6.61, 01710.00
7.28, 01702.00
7.95, 01693.00
8.62, 01685.00
9.42, 01679.00
9.98, 01672.00
10.78, 01668.00
11.33, 01668.00
12.12, 01656.00
12.67, 01649.00
13.47, 01648.00
14.14, 01641.00
14.83, 01641.00
15.50, 01644.00
16.05, 01639.00
16.72, 01636.00
17.39, 01629.00
18.06, 01627.00
18.75, 01627.00
19.42, 01623.00
20.09, 01632.00
20.89, 01619.00
21.56, 01615.00
22.23, 01612.00
22.92, 01619.00
23.59, 01617.00
24.28, 01611.00
24.84, 01609.00
25.66, 01613.00
26.34, 01608.00
27.02, 01613.00
27.70, 01608.00
28.39, 01612.00
28.95, 01609.00
29.77, 01613.00
30.44, 01618.00
31.12, 01621.00
31.81, 01617.00
32.38, 01623.00
33.06, 01624.00
33.75, 01626.00
34.55, 01621.00
35.11, 01658.00
35.80, 01660.00
36.61, 01669.00
37.17, 01665.00
37.97, 01668.00
38.53, 01685.00
39.22, 01676.00
40.03, 01686.00
40.59, 01695.00
41.27, 01696.00
42.64, 01692.00
42.84, 00000.00
43.33, 01698.00
44.02, 01699.00
44.83, 01700.00
45.38, 01698.00
46.05, 01721.00
46.72, 01730.00
47.39, 01737.00
48.06, 01744.00
48.73, 01749.00
49.41, 01764.00
50.08, 01771.00
50.75, 01794.00
51.42, 01799.00
52.09, 01808.00
52.77, 01823.00
53.44, 01828.00
54.11, 01847.00
54.78, 01858.00
55.47, 01872.00
56.14, 01887.00
56.81, 01769.00
58.03, 01956.00
58.70, 01960.00
58.70, 00000.00
59.38, 01975.00
60.05, 01999.00
60.72, 02016.00
61.39, 02030.00
62.06, 02047.00
62.73, 02071.00
63.41, 02093.00
64.08, 02118.00
64.75, 02126.00
65.42, 02147.00
66.11, 02170.00
66.80, 02206.00
67.50, 02225.00
68.17, 02242.00
68.86, 02266.00
69.42, 02299.00
70.12, 02314.00
70.81, 02341.00
71.62, 02371.00
72.19, 02400.00
72.88, 02432.00
73.58, 02469.00
74.27, 02492.00
74.95, 02542.00
75.64, 02567.00
76.33, 02603.00
77.03, 02653.00
77.72, 02675.00
78.41, 02735.00
79.09, 02764.00
79.78, 02837.00
80.47, 02847.00
81.17, 02905.00
81.73, 02959.00
82.42, 02962.00
83.11, 03011.00
83.80, 03063.00
84.50, 03116.00
85.19, 03191.00
85.88, 03242.00
86.56, 03322.00
87.12, 04180.00
87.95, 03539.00
88.62, 03611.00
89.31, 03669.00
90.00, 03767.00
90.55, 03866.00
91.22, 03995.00
91.91, 04103.00
92.58, 04221.00
93.27, 04332.00
93.95, 04497.00
94.62, 04611.00
95.31, 04717.00
95.98, 04896.00
96.67, 05080.00
97.34, 05251.00
98.03, 05402.00
98.72, 05610.00
99.39, 05837.00
99.95, 06173.00
100.62, 06474.00
101.31, 06791.00
101.98, 07009.00
102.67, 07419.00
105.59, 00000.00
106.28, 00000.00
106.97, 00000.00
107.67, 00000.00
108.11, 08181.00
108.36, 00000.00
108.80, 08450.00
109.05, 00000.00
109.48, 08610.00
109.73, 00000.00
112.50, 00000.00
113.19, 00000.00
113.88, 00000.00
114.27, 08430.00
114.56, 00000.00
114.95, 08498.00
115.25, 00000.00
115.64, 08417.00
115.94, 00000.00
118.70, 00000.00
119.39, 00000.00
120.08, 00000.00
120.44, 08526.00
120.77, 00000.00
121.11, 08540.00
121.45, 00000.00
122.14, 00000.00
124.22, 00000.00
124.91, 00000.00
125.22, 08512.00
125.59, 00000.00
126.28, 00000.00
126.59, 07409.00
126.97, 00000.00
127.28, 06885.00
127.97, 06625.00
128.36, 00000.00
128.64, 07152.00
130.83, 05369.00
131.52, 04505.00
131.80, 00000.00
132.19, 04847.00
132.50, 00000.00
133.56, 04535.00
134.25, 04411.00
134.92, 04203.00
135.25, 00000.00
135.61, 04007.00
136.30, 03869.00
137.11, 03818.00
138.47, 03605.00
139.16, 03518.00
139.84, 03409.00
140.08, 00000.00
140.53, 03353.00
141.20, 03396.00
141.89, 03116.00
142.58, 03037.00
143.27, 02987.00
143.95, 02901.00
144.75, 02833.00
145.44, 02795.00
146.81, 02716.00
147.48, 02666.00
148.17, 02608.00
148.36, 00000.00
148.86, 02578.00
149.55, 02542.00
150.23, 02485.00
150.91, 02450.00
151.59, 02392.00
152.28, 02354.00
153.09, 02095.00
153.78, 02244.00
154.47, 02220.00
155.17, 02194.00
155.86, 02150.00
156.56, 02126.00
157.27, 02097.00
157.95, 02064.00
158.66, 02034.00
159.36, 02013.00
160.05, 01995.00
161.45, 01974.00
162.27, 01948.00
162.84, 01915.00
162.84, 00000.00
163.67, 01898.00
164.36, 01895.00
165.06, 01858.00
165.77, 01849.00
166.45, 01822.00
167.16, 01803.00
167.86, 01790.00
168.55, 01772.00
169.25, 01758.00
169.95, 01735.00
170.64, 01725.00
171.34, 01715.00
172.17, 01694.00
172.73, 01684.00
173.44, 01676.00
174.27, 01657.00
174.83, 01659.00
175.53, 01638.00
176.23, 01624.00
177.03, 01614.00
177.59, 01610.00
178.39, 01594.00
179.08, 01588.00
179.75, 01586.00
180.44, 01569.00
181.11, 01556.00
181.80, 01549.00
182.47, 01543.00
183.16, 01537.00
183.83, 01525.00
184.52, 01523.00
185.19, 01516.00
185.88, 01509.00
186.55, 01502.00
187.23, 01501.00
187.91, 01495.00
188.59, 01481.00
189.27, 01480.00
189.95, 01467.00
190.75, 01466.00
191.31, 01461.00
192.11, 01460.00
192.67, 01450.00
193.36, 01436.00
194.03, 01444.00
194.70, 01436.00
195.52, 01434.00
196.19, 01432.00
196.75, 01515.00
197.30, 01660.00
197.98, 01816.00
198.55, 01980.00
199.25, 02181.00
199.83, 02405.00
200.53, 02682.00
201.11, 03108.00
201.80, 03622.00
202.38, 04391.00
203.08, 05438.00
204.36, 11251.00
206.28, 00000.00
207.67, 00000.00
208.36, 00000.00
209.05, 00000.00
209.73, 00000.00
210.42, 00000.00
211.11, 00000.00
211.80, 00000.00
212.50, 00000.00
213.19, 00000.00
213.88, 00000.00
214.56, 00000.00
215.25, 00000.00
215.94, 00000.00
216.62, 00000.00
217.31, 00000.00
218.02, 00000.00
218.70, 00000.00
219.39, 00000.00
219.77, 09402.00
220.08, 00000.00
220.45, 08775.00
220.77, 00000.00
221.45, 00000.00
223.53, 00000.00
224.22, 00000.00
224.91, 00000.00
225.59, 00000.00
226.28, 00000.00
226.69, 06152.00
226.97, 00000.00
227.50, 05913.00
227.67, 00000.00
228.19, 05738.00
228.36, 00000.00
228.89, 05568.00
229.58, 05416.00
230.27, 05317.00
230.97, 05148.00
231.66, 05025.00
232.34, 04867.00
233.03, 04741.00
233.73, 04655.00
234.42, 04573.00
235.11, 04484.00
235.81, 04371.00
236.50, 04300.00
237.19, 04183.00
237.89, 04127.00
238.58, 04021.00
239.27, 03960.00
240.09, 03878.00
240.78, 03817.00
241.47, 03727.00
242.17, 03668.00
242.86, 03637.00
243.55, 03597.00
244.25, 03512.00
244.94, 03466.00
245.64, 03359.00
246.33, 03345.00
247.03, 03302.00
247.72, 03227.00
248.42, 03193.00
249.11, 03092.00
249.81, 03106.00
250.50, 03114.00
251.20, 03072.00
251.89, 03042.00
252.59, 03000.00
253.28, 02955.00
253.97, 02948.00
254.67, 02895.00
255.48, 02875.00
256.19, 02838.00
256.88, 02810.00
257.58, 02791.00
258.27, 02767.00
258.97, 02726.00
259.66, 02709.00
260.36, 02674.00
261.05, 02643.00
261.75, 02625.00
262.44, 02615.00
263.14, 02625.00
263.83, 02681.00
264.53, 02739.00
265.23, 02781.00
265.94, 02846.00
266.64, 02897.00
267.22, 02983.00
267.94, 03030.00
268.64, 03091.00
269.34, 03195.00
270.05, 03260.00
270.75, 03326.00
271.47, 03425.00
272.17, 03503.00
272.88, 03607.00
273.58, 03205.00
274.30, 03783.00
276.62, 00000.00
277.31, 00000.00
278.02, 00000.00
278.70, 00000.00
279.39, 00000.00
279.81, 05135.00
280.08, 00000.00
280.77, 00000.00
282.14, 00000.00
282.84, 00000.00
283.53, 00000.00
284.22, 00000.00
284.91, 00000.00
285.59, 00000.00
286.28, 00000.00
286.97, 00000.00
287.67, 00000.00
288.36, 00000.00
289.05, 00000.00
289.73, 00000.00
290.42, 00000.00
291.11, 00000.00
291.80, 00000.00
292.50, 00000.00
293.19, 00000.00
293.88, 00000.00
294.56, 00000.00
295.25, 00000.00
295.94, 00000.00
296.62, 00000.00
297.31, 00000.00
298.02, 00000.00
298.70, 00000.00
299.39, 00000.00
300.08, 00000.00
300.77, 00000.00
301.45, 00000.00
302.14, 00000.00
302.84, 00000.00
303.53, 00000.00
304.08, 07430.00
304.22, 00000.00
304.77, 07311.00
304.91, 00000.00
305.47, 07186.00
306.16, 07171.00
306.84, 06999.00
307.55, 06976.00
308.23, 06917.00
308.94, 06876.00
309.64, 06867.00
310.34, 06907.00
311.05, 07108.00
311.88, 05903.00
313.28, 05374.00
313.88, 00000.00
314.00, 05066.00
314.70, 05008.00
315.41, 04869.00
316.11, 04770.00
316.81, 04537.00
317.52, 04230.00
318.23, 04013.00
318.94, 03890.00
319.77, 03794.00
320.47, 03676.00
321.17, 03640.00
321.88, 03519.00
322.58, 03452.00
323.30, 03402.00
324.00, 03316.00
324.70, 03338.00
325.41, 03338.00
326.11, 03340.00
326.81, 03381.00
327.53, 03419.00
328.11, 04083.00
328.81, 04091.00
329.52, 04166.00
330.22, 04189.00
330.92, 04211.00
331.64, 04236.00
332.33, 04310.00
333.03, 04353.00
333.73, 04398.00
335.12, 04539.00
335.25, 00000.00
336.09, 02549.00
336.80, 02528.00
337.50, 02480.00
338.17, 02461.00
338.88, 02412.00
339.58, 02378.00
340.41, 02366.00
340.97, 02318.00
341.67, 02300.00
342.50, 02275.00
343.20, 02220.00
343.89, 02204.00
344.59, 02186.00
345.30, 02154.00
346.00, 02130.00
346.69, 02128.00
347.39, 02097.00
348.09, 02077.00
348.80, 02050.00
349.48, 02024.00
350.19, 02005.00
350.89, 01991.00
351.59, 01973.00
352.50, 01946.00
353.05, 01997.00
353.84, 01939.00
354.52, 01894.00
355.08, 01885.00
355.86, 01872.00
356.52, 01849.00
357.19, 01844.00
357.86, 01834.00
358.53, 01820.00
359.20, 01815.00
359.88, 01809.00
0.14, 01802.00
0.84, 01790.00
1.55, 01781.00
2.25, 01768.00
2.95, 01753.00
3.66, 01749.00
4.36, 01732.00
5.06, 01728.00
5.77, 01729.00
6.47, 01713.00
7.17, 01709.00
7.88, 01709.00
8.58, 01694.00
9.28, 01695.00
9.98, 01684.00
10.81, 01686.00
11.39, 01670.00
12.09, 01672.00
12.92, 01661.00
13.50, 01649.00
14.33, 01646.00
14.91, 01639.00
15.73, 01641.00
16.31, 01640.00
17.02, 01637.00
17.72, 01631.00
18.42, 01623.00
19.14, 01629.00
19.84, 01636.00
20.69, 01613.00
21.39, 01618.00
22.11, 01618.00
22.81, 01616.00
23.52, 01611.00
24.23, 01609.00
24.94, 01610.00
25.66, 01597.00
26.36, 01597.00
27.08, 01612.00
27.78, 01612.00
28.50, 01613.00
29.20, 01621.00
29.91, 01618.00
30.62, 01617.00
31.20, 01624.00
32.05, 01616.00
32.62, 01626.00
33.34, 01623.00
34.05, 01625.00
34.75, 01623.00
35.47, 01627.00
36.17, 01637.00
36.89, 01638.00
37.72, 01642.00
38.44, 01643.00
39.14, 01645.00
39.73, 01680.00
40.42, 01689.00
41.25, 01687.00
41.83, 01693.00
42.53, 01699.00
43.23, 01708.00
43.94, 01717.00
44.64, 01725.00
45.34, 01727.00
45.92, 02038.00
47.45, 01735.00
47.72, 00000.00
48.16, 01741.00
48.86, 01756.00
49.56, 01760.00
50.27, 01769.00
50.97, 01781.00
51.66, 01797.00
52.36, 01801.00
53.06, 01810.00
53.77, 01838.00
54.47, 01848.00
55.05, 01862.00
55.88, 01874.00
56.58, 01877.00
57.28, 01897.00
57.86, 01911.00
58.56, 01934.00
59.39, 01948.00
59.97, 01953.00
60.55, 02369.00
61.38, 02018.00
62.08, 02031.00
62.78, 02059.00
63.50, 02073.00
64.22, 02096.00
64.94, 02126.00
65.66, 02143.00
66.38, 02166.00
67.08, 02180.00
67.80, 02216.00
68.52, 02234.00
69.23, 02263.00
69.95, 02288.00
70.55, 02310.00
71.25, 02345.00
72.09, 02371.00
72.69, 02404.00
73.41, 02450.00
74.12, 02467.00
74.84, 02507.00
75.56, 02543.00
76.27, 02582.00
76.98, 02617.00
77.70, 02657.00
78.42, 02679.00
79.14, 02746.00
79.86, 02780.00
80.56, 02843.00
81.28, 02875.00
82.00, 02938.00
82.59, 02996.00
83.31, 03054.00
84.75, 03116.00
85.45, 03178.00
85.88, 00000.00
86.16, 03256.00
86.88, 03339.00
87.58, 03385.00
88.30, 03316.00
89.00, 03632.00
89.70, 03701.00
90.42, 03774.00
91.00, 03900.00
91.72, 04003.00
92.42, 04144.00
93.12, 04243.00
93.84, 04416.00
94.55, 04541.00
95.27, 04676.00
95.97, 04816.00
96.67, 05008.00
97.39, 05178.00
98.09, 05383.00
98.81, 05610.00
99.52, 05857.00
100.09, 06052.00
100.81, 06470.00
101.52, 06718.00
102.23, 07103.00
102.94, 07472.00
103.64, 07976.00
106.75, 00000.00
107.47, 00000.00
108.19, 00000.00
108.61, 08297.00
108.91, 00000.00
109.33, 08760.00
109.64, 00000.00
110.36, 00000.00
112.52, 00000.00
113.23, 00000.00
113.95, 00000.00
114.30, 08437.00
114.67, 00000.00
115.00, 08540.00
115.39, 00000.00
115.72, 08297.00
116.11, 00000.00
119.00, 00000.00
119.72, 00000.00
120.44, 00000.00
120.69, 08512.00
121.16, 00000.00
121.39, 08478.00
121.88, 00000.00
122.59, 00000.00
124.75, 00000.00
125.47, 00000.00
125.66, 08232.00
126.19, 00000.00
126.36, 07646.00
126.91, 00000.00
127.64, 00000.00
127.78, 06662.00
128.62, 05105.00
129.80, 00000.00
129.92, 05640.00
130.75, 05413.00
131.48, 04991.00
131.95, 00000.00
132.91, 04701.00
133.62, 04581.00
134.34, 04431.00
134.83, 00000.00
135.05, 04170.00
135.77, 04081.00
136.48, 03919.00
137.33, 03798.00
138.05, 03685.00
138.77, 03597.00
139.47, 03479.00
140.31, 02744.00
140.91, 03249.00
141.62, 03171.00
142.34, 03095.00
143.06, 03012.00
143.78, 02950.00
145.20, 02857.00
146.05, 02774.00
146.77, 02741.00
147.08, 00000.00
147.48, 02678.00
148.20, 02627.00
148.91, 02587.00
149.62, 02544.00
150.34, 02478.00
151.91, 02350.00
152.62, 02325.00
153.22, 02280.00
153.55, 00000.00
154.06, 02254.00
154.80, 02211.00
155.52, 02192.00
156.25, 02150.00
156.97, 02116.00
157.70, 02112.00
159.16, 02050.00
159.88, 02027.00
160.61, 02002.00
160.75, 00000.00
161.33, 01988.00
162.19, 01952.00
162.91, 01929.00
163.52, 01905.00
164.36, 01895.00
165.09, 01865.00
165.83, 01850.00
166.55, 01828.00
167.28, 01820.00
168.00, 01791.00
168.75, 01789.00
169.45, 01766.00
170.19, 01747.00
170.91, 01736.00
171.64, 01715.00
172.36, 01699.00
173.22, 01687.00
173.81, 01677.00
174.67, 01663.00
175.27, 01652.00
176.00, 01639.00
176.73, 01631.00
177.44, 01622.00
178.27, 01606.00
178.98, 01594.00
179.69, 01584.00
180.39, 01577.00
181.11, 01567.00
181.81, 01556.00
182.53, 01548.00
183.23, 01542.00
183.94, 01533.00
184.66, 01520.00
185.36, 01516.00
186.06, 01508.00
186.78, 01503.00
187.48, 01494.00
188.33, 01485.00
188.91, 01488.00
189.61, 01476.00
190.45, 01466.00
191.03, 01464.00
191.73, 01499.00
192.45, 01594.00
193.03, 01692.00
193.75, 01789.00
194.45, 01910.00
195.03, 02028.00
195.75, 02173.00
196.45, 02335.00
197.03, 02515.00
197.75, 02717.00
198.33, 02992.00
199.05, 03306.00
199.77, 03701.00
200.39, 04230.00
201.11, 04899.00
203.17, 08977.00
203.91, 12132.00
204.67, 00000.00
205.39, 00000.00
207.55, 00000.00
208.28, 00000.00
209.00, 00000.00
209.72, 00000.00
210.44, 00000.00
211.16, 00000.00
211.88, 00000.00
212.59, 00000.00
213.31, 00000.00
214.03, 00000.00
214.75, 00000.00
215.47, 00000.00
216.19, 00000.00
216.91, 00000.00
217.64, 00000.00
218.36, 00000.00
218.53, 09062.00
219.08, 00000.00
219.25, 08789.00
219.80, 00000.00
220.52, 00000.00
222.67, 00000.00
223.39, 00000.00
224.11, 00000.00
224.83, 00000.00
225.55, 00000.00
225.80, 06035.00
226.28, 00000.00
226.64, 05735.00
227.00, 00000.00
227.36, 05580.00
227.72, 00000.00
228.09, 05405.00
228.81, 05288.00
229.53, 05125.00
230.27, 04965.00
230.98, 04803.00
231.70, 04684.00
232.42, 04571.00
233.16, 04501.00
233.88, 04364.00
234.59, 04272.00
235.33, 04166.00
236.05, 04103.00
236.77, 03983.00
237.61, 03887.00
238.36, 03818.00
239.06, 03710.00
239.78, 03662.00
240.52, 03614.00
241.23, 03553.00
241.95, 03486.00
242.67, 03427.00
243.41, 03364.00
244.12, 03214.00
244.84, 03269.00
245.58, 03157.00
246.30, 03149.00
247.03, 03018.00
247.75, 03013.00
248.48, 03040.00
249.20, 02973.00
249.94, 02945.00
250.66, 02899.00
251.52, 02873.00
252.23, 02845.00
252.97, 02801.00
253.69, 02781.00
254.42, 02743.00
255.14, 02707.00
255.88, 02674.00
256.59, 02648.00
257.34, 02623.00
258.05, 02611.00
258.78, 02574.00
259.50, 02543.00
260.23, 02521.00
260.95, 02524.00
261.69, 02550.00
262.41, 02604.00
263.14, 02657.00
263.86, 02711.00
264.59, 02753.00
265.19, 02793.00
265.92, 02882.00
266.64, 02943.00
267.38, 03019.00
268.09, 03085.00
268.83, 03165.00
269.56, 03236.00
270.30, 03310.00
271.05, 03400.00
271.78, 03505.00
272.53, 03191.00
273.27, 03703.00
275.95, 00000.00
276.67, 00000.00
277.39, 00000.00
278.11, 00000.00
278.83, 00000.00
279.55, 00000.00
280.28, 00000.00
281.00, 00000.00
281.72, 00000.00
282.44, 00000.00
283.16, 00000.00
283.88, 00000.00
284.59, 00000.00
285.31, 00000.00
286.03, 00000.00
286.75, 00000.00
287.47, 00000.00
288.19, 00000.00
288.91, 00000.00
289.64, 00000.00
290.36, 00000.00
291.08, 00000.00
291.80, 00000.00
292.52, 00000.00
293.23, 00000.00
293.95, 00000.00
294.67, 00000.00
295.39, 00000.00
296.11, 00000.00
296.83, 00000.00
297.55, 00000.00
298.28, 00000.00
299.00, 00000.00
299.72, 00000.00
300.44, 00000.00
301.16, 00000.00
301.88, 00000.00
302.59, 00000.00
303.31, 00000.00
303.84, 07286.00
304.03, 00000.00
304.56, 07137.00
304.75, 00000.00
305.30, 07113.00
306.02, 06967.00
306.73, 06921.00
307.45, 06917.00
308.19, 06822.00
308.91, 06722.00
309.62, 06752.00
310.36, 06709.00
311.08, 06880.00
311.92, 05729.00
312.64, 05498.00
313.38, 05317.00
314.09, 05015.00
314.81, 04878.00
315.55, 04758.00
316.28, 04625.00
317.02, 04453.00
317.77, 04279.00
318.62, 03897.00
319.38, 03817.00
320.11, 03618.00
320.86, 03573.00
321.59, 03497.00
322.33, 03422.00
323.08, 03354.00
323.81, 03275.00
324.56, 03230.00
325.30, 03208.00
326.05, 03222.00
326.78, 03222.00
327.53, 03261.00
328.27, 03276.00
329.00, 03486.00
329.62, 04003.00
330.36, 04069.00
331.11, 04119.00
331.84, 04142.00
332.59, 04161.00
333.33, 04191.00
334.06, 04218.00
334.81, 04284.00
335.55, 04319.00
336.30, 04404.00
337.28, 02469.00
338.03, 02433.00
338.77, 02419.00
339.64, 02375.00
340.36, 02343.00
340.97, 02317.00
341.72, 02294.00
342.56, 02257.00
343.30, 02232.00
344.02, 02213.00
344.75, 02196.00
345.48, 02139.00
346.22, 02118.00
346.95, 02097.00
347.67, 02075.00
348.41, 02063.00
349.14, 02038.00
349.88, 02006.00
350.61, 01993.00
351.34, 01968.00
352.28, 01946.00
352.98, 01940.00
353.81, 01903.00
354.39, 01934.00
355.22, 01803.00
355.80, 01875.00
356.62, 01876.00
357.20, 01867.00
358.03, 01837.00
358.73, 01822.00
359.44, 01805.00
0.23, 01844.00
0.97, 01805.00
1.70, 01763.00
2.44, 01764.00
3.17, 01745.00
3.91, 01733.00
4.64, 01725.00
5.38, 01722.00
6.11, 01714.00
6.84, 01698.00
7.58, 01696.00
8.33, 01691.00
9.06, 01692.00
9.92, 01674.00
10.66, 01663.00
11.27, 01658.00
12.12, 01669.00
12.88, 01654.00
13.48, 01651.00
14.34, 01646.00
15.08, 01646.00
15.69, 01634.00
16.42, 01636.00
17.16, 01626.00
17.91, 01624.00
18.64, 01625.00
19.38, 01624.00
20.23, 01617.00
20.97, 01617.00
21.70, 01618.00
22.45, 01614.00
23.20, 01616.00
23.92, 01599.00
24.66, 01604.00
25.39, 01606.00
26.12, 01592.00
26.88, 01607.00
27.61, 01608.00
28.36, 01614.00
29.11, 01614.00
29.86, 01613.00
30.61, 01615.00
31.36, 01619.00
31.98, 01626.00
32.73, 01623.00
33.47, 01623.00
34.22, 01628.00
34.97, 01635.00
35.86, 01648.00
36.59, 01647.00
37.34, 01643.00
38.09, 01644.00
38.84, 01647.00
39.45, 01653.00
40.20, 01666.00
40.95, 01668.00
41.83, 01669.00
42.45, 01675.00
43.33, 01682.00
43.95, 01716.00
44.70, 01724.00
45.44, 01730.00
46.19, 01741.00
46.94, 01754.00
47.69, 01758.00
48.44, 01769.00
49.19, 01777.00
50.67, 00000.00
50.69, 01783.00
51.41, 01795.00
52.14, 01804.00
52.88, 01815.00
53.61, 01826.00
54.34, 01840.00
55.08, 01846.00
55.81, 01870.00
56.55, 01884.00
57.16, 01897.00
58.02, 01912.00
58.75, 01932.00
59.36, 01946.00
60.09, 01968.00
60.83, 01983.00
61.56, 01999.00
62.30, 02023.00
63.02, 02042.00
64.48, 02105.00
64.95, 00000.00
65.22, 02130.00
65.95, 02158.00
66.69, 02179.00
67.42, 02207.00
68.16, 02229.00
68.91, 02262.00
69.62, 02290.00
70.23, 02316.00
70.97, 02345.00
71.83, 02387.00
72.44, 02406.00
73.17, 02451.00
73.91, 02480.00
74.66, 02510.00
75.41, 02551.00
76.17, 02594.00
76.92, 02623.00
77.69, 02666.00
78.44, 02716.00
79.20, 02763.00
79.95, 02828.00
80.59, 02863.00
81.34, 02935.00
82.11, 02985.00
82.86, 03027.00
83.62, 03102.00
84.38, 03172.00
85.14, 03181.00
85.89, 03247.00
86.64, 03310.00
87.41, 03380.00
88.16, 03456.00
88.92, 03546.00
89.67, 03695.00
90.44, 03816.00
91.06, 03919.00
91.83, 04063.00
92.58, 04170.00
93.34, 04330.00
94.09, 04465.00
94.86, 04619.00
95.62, 04749.00
96.38, 04958.00
97.12, 05113.00
97.89, 05336.00
98.62, 05507.00
99.36, 05735.00
99.98, 06091.00
100.72, 06360.00
101.45, 06654.00
102.20, 07137.00
102.94, 07451.00
103.69, 07928.00
106.30, 00000.00
107.05, 00000.00
107.80, 00000.00
108.55, 00000.00
108.86, 08688.00
109.30, 00000.00
109.61, 08688.00
110.05, 00000.00
112.31, 00000.00
113.06, 00000.00
113.81, 00000.00
114.05, 08624.00
114.56, 00000.00
114.78, 08512.00
115.31, 00000.00
115.53, 08560.00
118.31, 00000.00
119.06, 00000.00
119.83, 00000.00
119.97, 08688.00
120.58, 00000.00
120.70, 08602.00
121.33, 00000.00
123.58, 00000.00
124.33, 00000.00
125.08, 00000.00
125.83, 00000.00
125.94, 07982.00
126.58, 00000.00
126.69, 07321.00
127.34, 00000.00
127.44, 06867.00
128.17, 06506.00
129.80, 05679.00
130.55, 05469.00
131.09, 00000.00
132.80, 04758.00
133.34, 00000.00
133.55, 04555.00
134.09, 00000.00
134.30, 05090.00
135.03, 04170.00
135.78, 04013.00
136.66, 03904.00
137.41, 03763.00
138.16, 03655.00
138.91, 03554.00
139.66, 03384.00
140.39, 03288.00
141.14, 03217.00
141.89, 03118.00
142.64, 03048.00
143.39, 03009.00
144.14, 02973.00
145.02, 02871.00
145.77, 02817.00
146.52, 02753.00
147.28, 02691.00
148.03, 02653.00
148.80, 02587.00
149.67, 02232.00
150.31, 02441.00
151.06, 02417.00
151.83, 02369.00
152.70, 02324.00
153.47, 02274.00
154.22, 02242.00
154.98, 02204.00
156.50, 02154.00
157.25, 02145.00
157.41, 00000.00
158.02, 02095.00
158.78, 02075.00
159.53, 02046.00
160.31, 02014.00
161.05, 01990.00
161.81, 01970.00
162.56, 01950.00
163.45, 01914.00
164.20, 01896.00
164.97, 01881.00
165.72, 01857.00
166.48, 01834.00
167.23, 01817.00
168.00, 01804.00
168.75, 01790.00
169.52, 01767.00
170.28, 01744.00
171.02, 01729.00
171.77, 01718.00
172.62, 01697.00
173.25, 01688.00
173.98, 01680.00
174.86, 01657.00
175.47, 01650.00
176.22, 01635.00
177.09, 01620.00
177.83, 01604.00
178.59, 01592.00
179.31, 01589.00
180.06, 01577.00
180.80, 01567.00
181.55, 01562.00
182.30, 01551.00
183.03, 01535.00
183.78, 01528.00
184.52, 01520.00
185.27, 01518.00
186.00, 01502.00
186.75, 01501.00
187.48, 01552.00
188.23, 01619.00
188.86, 01692.00
189.59, 01778.00
190.34, 01865.00
190.95, 01952.00
191.70, 02048.00
192.44, 02178.00
193.06, 02292.00
193.81, 02419.00
194.56, 02585.00
195.33, 02755.00
195.97, 02963.00
196.73, 03216.00
197.48, 03491.00
198.25, 03863.00
198.89, 04281.00
199.66, 04829.00
200.41, 05430.00
201.05, 06235.00
204.00, 00000.00
204.75, 00000.00
205.50, 00000.00
206.25, 00000.00
207.00, 00000.00
207.75, 00000.00
208.50, 00000.00
209.25, 00000.00
210.02, 00000.00
210.77, 00000.00
211.52, 00000.00
212.27, 00000.00
213.02, 00000.00
213.77, 00000.00
214.52, 00000.00
215.27, 00000.00
216.02, 00000.00
216.77, 00000.00
217.53, 00000.00
217.81, 09101.00
218.28, 00000.00
219.03, 00000.00
219.31, 08168.00
220.53, 00000.00
222.03, 00000.00
222.78, 00000.00
223.53, 00000.00
224.28, 00000.00
224.61, 05936.00
225.05, 00000.00
225.48, 05713.00
225.80, 00000.00
226.25, 05507.00
227.00, 05350.00
227.75, 05178.00
228.52, 05029.00
229.27, 04831.00
230.03, 04722.00
230.78, 04569.00
231.53, 04457.00
232.30, 04346.00
233.05, 04214.00
233.80, 04136.00
234.56, 03997.00
235.31, 03891.00
236.20, 03816.00
236.95, 03717.00
237.70, 03643.00
238.47, 03596.00
239.22, 03503.00
239.97, 03434.00
240.73, 03366.00
241.48, 03320.00
242.25, 03111.00
243.00, 03206.00
243.77, 03080.00
244.52, 03072.00
245.41, 02975.00
246.03, 02952.00
246.92, 02950.00
247.55, 02901.00
248.31, 02854.00
249.06, 02832.00
249.95, 02785.00
250.70, 02762.00
251.47, 02711.00
252.22, 02657.00
252.98, 02646.00
253.73, 02607.00
254.50, 02584.00
255.25, 02548.00
256.02, 02534.00
256.77, 02491.00
257.53, 02471.00
258.28, 02443.00
259.05, 02417.00
259.80, 02450.00
260.56, 02487.00
261.31, 02540.00
262.08, 02587.00
262.83, 02632.00
263.59, 02672.00
264.34, 02743.00
265.11, 02823.00
265.73, 02883.00
266.50, 02946.00
267.27, 03004.00
268.03, 03047.00
268.81, 03154.00
269.58, 03237.00
270.34, 03328.00
271.12, 03411.00
271.89, 03496.00
272.67, 03634.00
274.64, 00000.00
275.39, 00000.00
276.14, 00000.00
276.89, 00000.00
277.66, 00000.00
277.94, 04728.00
278.41, 00000.00
279.91, 00000.00
280.50, 02332.00
280.66, 00000.00
281.80, 05847.00
282.16, 00000.00
283.66, 00000.00
284.41, 00000.00
285.17, 00000.00
285.92, 00000.00
286.30, 08265.00
286.67, 00000.00
287.08, 09286.00
288.92, 00000.00
289.67, 00000.00
290.42, 00000.00
291.17, 00000.00
291.92, 00000.00
292.69, 00000.00
293.44, 00000.00
294.19, 00000.00
294.94, 00000.00
295.69, 00000.00
296.44, 00000.00
297.19, 00000.00
297.94, 00000.00
298.69, 00000.00
299.44, 00000.00
300.20, 00000.00
300.95, 00000.00
301.70, 00000.00
302.45, 00000.00
303.20, 00000.00
303.75, 07196.00
303.95, 00000.00
304.52, 07103.00
306.20, 00000.00
306.95, 00000.00
307.72, 00000.00
308.47, 00000.00
309.03, 06735.00
309.22, 00000.00
309.80, 06646.00
310.55, 06667.00
311.30, 06800.00
312.19, 05628.00
312.94, 05399.00
313.69, 05155.00
314.44, 05010.00
315.20, 04779.00
315.97, 04663.00
316.73, 04579.00
317.52, 04302.00
318.98, 00000.00
319.05, 03795.00
319.95, 03707.00
320.72, 03617.00
321.48, 03501.00
322.27, 03420.00
323.03, 03379.00
323.80, 03271.00
324.58, 03218.00
325.34, 03134.00
326.11, 03095.00
326.89, 03135.00
327.66, 03119.00
328.42, 03150.00
329.20, 03160.00
329.97, 03200.00
330.61, 03907.00
331.52, 03964.00
332.16, 03983.00
332.92, 04020.00
333.70, 04038.00
334.47, 04150.00
335.23, 04180.00
336.02, 04233.00
336.80, 04241.00
337.55, 04358.00
338.33, 04380.00
339.34, 02373.00
340.12, 02339.00
340.88, 02312.00
341.77, 02289.00
342.42, 02270.00
343.30, 02235.00
344.05, 02212.00
344.81, 02177.00
345.58, 02163.00
346.34, 02131.00
347.09, 02089.00
347.86, 02064.00
348.62, 02054.00
349.39, 02022.00
350.16, 02009.00
350.91, 02000.00
351.67, 01960.00
352.06, 01968.00
352.80, 01945.00
353.67, 01917.00
354.39, 01910.00
355.12, 01885.00
355.72, 01874.00
356.58, 01865.00
357.31, 01846.00
358.05, 01840.00
358.78, 01756.00
359.50, 01809.00
0.17, 01785.00
0.94, 01789.00
1.70, 01789.00
2.45, 01711.00
3.22, 01761.00
3.98, 01763.00
4.75, 01752.00
5.50, 01710.00
6.27, 01726.00
7.03, 01705.00
7.80, 01692.00
8.56, 01692.00
9.33, 01677.00
10.09, 01680.00
10.86, 01667.00
11.75, 01664.00
12.39, 01658.00
13.28, 01655.00
13.92, 01649.00
14.81, 01645.00
15.58, 01643.00
16.22, 01638.00
16.98, 01632.00
17.75, 01625.00
18.52, 01627.00
19.28, 01624.00
20.17, 01621.00
20.94, 01621.00
22.17, 00000.00
22.47, 01614.00
23.23, 01614.00
24.50, 00000.00
25.28, 00000.00
25.66, 01392.00
26.30, 01463.00
27.62, 00000.00
28.41, 00000.00
28.59, 01607.00
29.36, 01613.00
30.12, 01615.00
30.91, 01617.00
31.69, 01618.00
32.45, 01621.00
33.11, 01624.00
33.89, 01628.00
34.66, 01633.00
35.44, 01637.00
36.34, 01646.00
37.11, 01643.00
37.89, 01655.00
38.67, 01654.00
39.44, 01664.00
40.09, 01660.00
40.88, 01672.00
41.66, 01671.00
42.42, 01677.00
43.33, 01687.00
44.11, 01694.00
44.75, 01700.00
45.53, 01707.00
46.31, 01713.00
47.08, 01693.00
47.86, 01758.00
48.64, 01775.00
49.41, 01792.00
50.19, 01801.00
50.97, 01811.00
51.73, 01822.00
52.52, 01837.00
53.30, 01845.00
54.08, 01837.00
54.84, 01845.00
55.59, 01861.00
56.36, 01879.00
57.00, 01892.00
57.75, 01908.00
58.64, 01925.00
59.28, 01947.00
60.05, 01960.00
60.80, 01992.00
61.56, 02005.00
62.33, 02015.00
63.09, 02043.00
63.84, 02072.00
64.61, 02095.00
65.39, 02117.00
66.89, 02200.00
67.36, 00000.00
67.66, 02217.00
68.42, 02241.00
69.19, 02271.00
69.81, 02299.00
70.70, 02341.00
71.34, 02357.00
72.11, 02402.00
72.86, 02426.00
73.62, 02475.00
74.39, 02521.00
75.16, 02553.00
75.91, 02587.00
76.67, 02626.00
77.44, 02670.00
78.20, 02733.00
78.98, 02763.00
79.64, 02831.00
80.42, 02860.00
81.34, 02938.00
82.00, 02996.00
82.78, 03050.00
83.58, 03113.00
84.38, 03203.00
85.14, 03256.00
85.94, 03285.00
86.72, 03355.00
87.50, 03439.00
88.30, 03533.00
89.08, 03610.00
89.73, 04085.00
90.53, 03901.00
91.31, 04009.00
92.11, 04180.00
92.88, 04288.00
93.67, 04457.00
94.45, 04611.00
95.23, 04741.00
96.03, 04896.00
96.81, 05113.00
97.59, 05325.00
98.39, 05565.00
99.17, 05741.00
99.84, 06144.00
100.62, 06446.00
101.41, 06805.00
102.19, 07191.00
102.98, 07552.00
103.75, 08043.00
106.33, 00000.00
107.09, 00000.00
107.88, 00000.00
108.36, 08512.00
108.66, 00000.00
109.12, 08804.00
109.44, 00000.00
111.78, 00000.00
112.56, 00000.00
113.33, 00000.00
113.73, 08753.00
114.11, 00000.00
114.50, 08688.00
114.89, 00000.00
115.27, 08811.00
118.02, 00000.00
118.78, 00000.00
119.56, 00000.00
119.88, 08753.00
120.34, 00000.00
120.64, 08617.00
121.12, 00000.00
123.47, 00000.00
124.25, 00000.00
124.48, 08631.00
125.02, 00000.00
125.80, 00000.00
126.78, 07176.00
127.36, 00000.00
127.56, 06375.00
128.14, 00000.00
128.33, 07128.00
129.23, 05913.00
130.00, 05592.00
132.33, 04825.00
132.81, 00000.00
133.11, 04619.00
133.59, 00000.00
133.89, 04387.00
134.66, 04211.00
136.34, 03914.00
137.11, 03791.00
137.48, 00000.00
137.89, 03674.00
138.55, 04758.00
139.44, 03391.00
140.22, 03327.00
141.00, 03226.00
141.77, 03112.00
142.55, 03068.00
143.33, 03030.00
144.09, 02941.00
145.00, 02869.00
145.78, 02815.00
146.55, 02745.00
147.33, 02682.00
148.11, 02786.00
148.88, 02518.00
149.66, 02471.00
150.44, 02427.00
151.33, 02375.00
152.11, 02336.00
152.89, 02290.00
153.55, 02250.00
154.45, 02253.00
155.25, 02218.00
156.03, 02177.00
156.81, 02153.00
157.61, 02112.00
158.39, 02083.00
159.17, 02050.00
159.97, 02021.00
160.75, 02000.00
161.53, 01978.00
162.45, 01945.00
163.12, 01913.00
164.02, 01897.00
164.81, 01886.00
165.59, 01857.00
166.38, 01836.00
167.17, 01821.00
167.95, 01792.00
168.75, 01775.00
169.53, 01763.00
170.31, 01739.00
171.09, 01723.00
171.89, 01702.00
172.67, 01696.00
173.45, 01685.00
174.38, 01664.00
175.16, 01655.00
175.81, 01640.00
176.61, 01624.00
177.52, 01613.00
178.31, 01599.00
179.08, 01589.00
179.86, 01578.00
180.62, 01564.00
181.41, 01558.00
182.19, 01545.00
182.95, 01537.00
183.73, 01594.00
184.52, 01654.00
185.16, 01724.00
185.94, 01791.00
186.70, 01859.00
187.36, 01942.00
188.14, 02013.00
188.91, 02108.00
189.69, 02199.00
190.34, 02308.00
191.11, 02425.00
191.89, 02547.00
192.66, 02698.00
193.31, 02854.00
194.09, 03034.00
194.86, 03246.00
195.64, 03469.00
196.42, 03780.00
197.06, 04132.00
197.84, 04537.00
198.61, 05005.00
199.39, 05580.00
200.05, 06254.00
200.81, 07424.00
201.59, 08760.00
204.50, 00000.00
205.28, 00000.00
206.06, 00000.00
206.84, 00000.00
207.62, 00000.00
208.41, 00000.00
209.17, 00000.00
209.95, 00000.00
210.73, 00000.00
211.52, 00000.00
212.30, 00000.00
213.08, 00000.00
213.86, 00000.00
214.62, 00000.00
215.41, 00000.00
216.19, 00000.00
216.97, 00000.00
217.20, 09085.00
217.75, 00000.00
218.53, 00000.00
220.09, 00000.00
220.86, 00000.00
221.64, 00000.00
222.42, 00000.00
223.20, 00000.00
223.45, 05876.00
223.98, 00000.00
224.23, 05686.00
224.77, 00000.00
225.14, 05467.00
225.92, 05301.00
226.70, 05103.00
227.48, 04869.00
228.27, 04713.00
229.05, 04575.00
229.83, 04439.00
230.62, 04335.00
231.39, 04203.00
232.17, 04063.00
232.95, 03976.00
233.73, 03855.00
234.64, 03760.00
235.42, 03663.00
236.20, 03574.00
236.98, 03524.00
237.77, 03432.00
238.55, 03359.00
239.33, 03311.00
240.12, 03214.00
240.91, 03105.00
241.69, 03108.00
242.47, 03003.00
243.25, 02892.00
244.16, 02869.00
244.94, 02889.00
245.72, 02844.00
246.50, 02792.00
247.28, 02753.00
248.06, 02729.00
248.84, 02667.00
249.62, 02628.00
250.41, 02590.00
251.19, 02551.00
251.97, 02530.00
252.77, 02493.00
253.55, 02461.00
254.34, 02433.00
255.12, 02399.00
255.94, 02365.00
256.70, 02337.00
257.50, 02329.00
258.28, 02347.00
259.20, 02390.00
259.88, 02434.00
260.66, 02484.00
261.45, 02538.00
262.23, 02583.00
263.03, 02631.00
263.81, 02686.00
264.61, 02754.00
265.41, 02816.00
266.06, 02891.00
266.86, 02951.00
267.64, 03024.00
268.44, 03106.00
269.22, 03206.00
270.02, 03261.00
270.80, 03368.00
271.59, 03352.00
272.39, 03622.00
273.17, 03688.00
273.84, 03838.00
276.19, 00000.00
276.97, 00000.00
277.75, 00000.00
278.53, 00000.00
279.31, 00000.00
279.36, 05083.00
280.09, 00000.00
281.64, 00000.00
282.42, 00000.00
283.20, 00000.00
283.98, 00000.00
284.77, 00000.00
285.55, 00000.00
286.33, 00000.00
287.09, 00000.00
287.88, 00000.00
288.61, 09842.00
288.66, 00000.00
289.44, 00000.00
290.17, 14481.00
291.00, 00000.00
292.56, 00000.00
293.33, 00000.00
294.11, 00000.00
294.89, 00000.00
295.67, 00000.00
296.45, 00000.00
297.23, 00000.00
298.02, 00000.00
298.78, 00000.00
299.56, 00000.00
300.34, 00000.00
301.12, 00000.00
301.91, 00000.00
302.69, 00000.00
303.47, 00000.00
304.25, 00000.00
304.27, 07075.00
305.02, 00000.00
305.05, 06958.00
305.86, 06885.00
306.64, 06783.00
307.42, 06748.00
308.22, 06625.00
309.02, 06526.00
309.80, 06600.00
310.59, 06530.00
311.38, 06518.00
312.19, 07028.00
313.09, 05427.00
313.88, 05171.00
314.67, 04937.00
315.47, 04692.00
316.25, 04621.00
317.05, 04437.00
317.83, 04296.00
318.62, 04150.00
319.55, 03760.00
320.33, 03648.00
321.12, 03558.00
321.92, 03458.00
322.70, 03378.00
323.50, 03321.00
324.28, 03243.00
325.08, 03162.00
325.88, 03091.00
326.66, 03036.00
327.45, 03003.00
328.25, 03019.00
329.03, 03058.00
329.81, 03081.00
330.59, 03097.00
331.39, 03162.00
332.17, 03828.00
332.83, 03894.00
333.73, 03908.00
334.41, 03965.00
335.19, 04012.00
335.97, 04066.00
336.77, 04129.00
337.55, 04170.00
338.33, 04193.00
339.11, 04298.00
340.86, 00000.00
340.94, 02306.00
341.84, 02270.00
342.64, 02264.00
343.42, 02232.00
344.20, 02215.00
344.98, 02183.00
345.78, 02153.00
346.56, 02123.00
347.34, 02099.00
348.14, 02073.00
348.92, 02053.00
349.70, 02005.00
350.48, 01987.00
351.41, 01978.00
352.56, 01955.00
353.31, 01934.00
353.95, 01925.00
354.72, 01909.00
355.61, 01904.00
356.36, 01863.00
357.12, 01854.00
357.89, 01840.00
358.66, 01813.00
359.41, 01807.00
0.08, 01803.00
0.86, 01797.00
1.66, 01785.00
2.44, 01765.00
3.23, 01756.00
4.02, 01747.00
4.81, 01751.00
5.59, 01675.00
6.39, 01699.00
7.17, 01758.00
7.97, 01717.00
8.88, 01673.00
9.67, 01683.00
10.33, 01672.00
11.25, 01669.00
11.91, 01666.00
12.70, 01659.00
13.61, 01656.00
14.28, 01652.00
15.06, 01653.00
15.86, 01637.00
16.64, 01638.00
17.44, 01637.00
18.22, 01636.00
19.02, 01628.00
19.81, 01626.00
20.73, 01620.00
21.53, 01619.00
22.33, 01618.00
23.12, 01619.00
23.92, 01600.00
24.72, 01596.00
25.52, 01574.00
26.31, 01611.00
26.98, 01610.00
27.91, 01614.00
28.70, 01617.00
29.50, 01612.00
30.30, 01620.00
31.09, 01620.00
31.78, 01623.00
32.58, 01638.00
33.38, 01637.00
34.17, 01635.00
34.97, 01632.00
35.77, 01636.00
36.56, 01639.00
37.48, 01643.00
38.16, 01652.00
38.95, 01660.00
39.75, 01671.00
40.55, 01672.00
41.34, 01680.00
42.27, 01686.00
42.94, 01677.00
43.73, 01696.00
44.55, 01704.00
45.33, 01705.00
46.11, 01713.00
46.91, 01725.00
47.69, 01735.00
48.47, 01744.00
49.27, 01749.00
50.05, 01763.00
50.83, 01781.00
51.62, 01815.00
52.41, 01828.00
53.19, 01840.00
53.98, 01859.00
54.77, 01865.00
55.55, 01879.00
56.34, 01869.00
57.12, 01898.00
57.78, 01915.00
58.58, 01927.00
59.36, 01954.00
60.14, 01970.00
60.94, 01978.00
61.72, 02001.00
62.50, 02031.00
63.30, 02048.00
64.08, 02071.00
64.86, 02095.00
65.66, 02135.00
66.44, 02146.00
67.22, 02176.00
68.02, 02271.00
68.80, 02245.00
69.47, 02292.00
70.27, 02312.00
71.20, 02344.00
71.88, 02392.00
72.69, 02414.00
73.50, 02460.00
74.30, 02493.00
75.11, 02539.00
75.94, 02587.00
76.72, 02620.00
77.53, 02675.00
78.33, 02711.00
79.14, 02764.00
79.95, 02824.00
80.62, 02860.00
81.44, 02935.00
82.27, 02995.00
83.05, 03049.00
83.86, 03119.00
84.66, 03202.00
85.47, 03265.00
86.28, 03342.00
87.08, 03377.00
87.89, 03447.00
88.70, 03534.00
89.50, 03647.00
90.19, 03755.00
91.11, 03921.00
91.80, 04052.00
92.61, 04198.00
93.41, 04344.00
94.22, 04501.00
95.03, 04651.00
95.81, 04786.00
96.61, 05034.00
97.41, 05282.00
98.20, 05450.00
98.86, 05695.00
99.66, 05994.00
100.45, 06360.00
101.25, 06667.00
102.03, 07142.00
102.83, 07472.00
103.62, 08007.00
105.91, 00000.00
106.70, 00000.00
107.52, 00000.00
108.31, 00000.00
109.11, 00000.00
109.17, 08775.00
109.92, 00000.00
111.52, 00000.00
112.33, 00000.00
113.12, 00000.00
113.92, 00000.00
113.94, 08916.00
114.72, 08916.00
114.73, 00000.00
115.52, 08526.00
117.94, 00000.00
118.73, 00000.00
119.53, 00000.00
120.28, 08834.00
120.34, 00000.00
121.08, 08848.00
121.14, 00000.00
123.55, 00000.00
124.34, 00000.00
125.16, 00000.00
125.86, 07910.00
125.95, 00000.00
126.67, 07383.00
126.75, 00000.00
127.47, 06840.00
129.06, 06080.00
129.97, 00000.00
129.98, 05396.00
131.58, 05088.00
132.36, 00000.00
132.38, 04834.00
133.19, 05421.00
133.98, 04378.00
134.78, 04288.00
135.58, 04089.00
136.38, 03924.00
137.30, 03774.00
137.97, 05098.00
138.89, 03458.00
139.70, 03367.00
140.50, 03276.00
142.09, 03138.00
142.80, 00000.00
142.89, 03076.00
143.69, 02993.00
144.61, 02897.00
145.41, 02837.00
146.22, 02769.00
147.02, 02662.00
147.83, 02597.00
148.64, 02530.00
149.45, 02497.00
150.27, 02443.00
151.06, 02398.00
152.81, 02335.00
153.22, 00000.00
153.50, 02294.00
154.44, 02260.00
155.23, 02222.00
156.05, 02193.00
156.86, 02152.00
157.67, 02119.00
158.48, 02084.00
159.30, 02046.00
160.09, 02031.00
160.91, 02008.00
161.84, 01958.00
162.53, 01946.00
163.47, 01919.00
164.14, 01896.00
164.95, 01875.00
165.77, 01855.00
166.70, 01827.00
167.52, 01799.00
168.31, 01783.00
169.12, 01773.00
169.94, 01757.00
170.75, 01732.00
171.56, 01708.00
172.38, 01696.00
173.16, 01687.00
173.95, 01666.00
174.75, 01651.00
175.66, 01644.00
176.33, 01628.00
177.25, 01608.00
178.05, 01602.00
178.83, 01586.00
179.62, 01605.00
180.42, 01657.00
181.08, 01713.00
181.88, 01768.00
182.67, 01837.00
183.47, 01894.00
184.25, 01972.00
184.92, 02029.00
185.72, 02110.00
186.50, 02201.00
187.17, 02279.00
187.97, 02381.00
188.77, 02490.00
189.55, 02615.00
190.34, 02732.00
191.14, 02885.00
191.80, 03037.00
192.59, 03221.00
193.39, 03421.00
194.19, 03668.00
194.97, 03921.00
195.64, 04289.00
196.44, 04676.00
197.23, 05051.00
198.05, 05539.00
198.73, 06310.00
199.55, 07089.00
200.36, 08258.00
201.98, 12063.00
202.92, 00000.00
204.53, 00000.00
205.33, 00000.00
206.12, 00000.00
206.94, 00000.00
207.73, 00000.00
208.53, 00000.00
209.34, 00000.00
210.14, 00000.00
210.94, 00000.00
211.75, 00000.00
212.55, 00000.00
213.34, 00000.00
214.14, 00000.00
214.95, 00000.00
215.75, 00000.00
215.80, 09062.00
216.55, 00000.00
216.61, 08977.00
218.95, 00000.00
219.77, 00000.00
220.56, 00000.00
221.36, 00000.00
222.17, 00000.00
222.42, 05886.00
222.97, 00000.00
223.23, 05661.00
224.03, 05413.00
224.84, 05191.00
225.64, 05034.00
226.45, 04775.00
227.25, 04631.00
228.06, 04472.00
228.86, 04353.00
229.67, 04199.00
230.47, 04075.00
231.28, 03936.00
232.20, 03825.00
233.02, 03703.00
233.81, 03622.00
234.62, 03539.00
235.42, 03458.00
236.25, 03356.00
237.03, 03313.00
237.84, 03193.00
238.64, 02994.00
239.45, 03047.00
240.25, 02954.00
241.06, 02899.00
241.98, 02791.00
242.80, 02796.00
243.59, 02772.00
244.41, 02735.00
245.20, 02684.00
246.02, 02642.00
246.81, 02593.00
247.62, 02563.00
248.42, 02516.00
249.23, 02479.00
250.05, 02459.00
250.86, 02412.00
251.67, 02372.00
252.61, 02342.00
253.30, 02318.00
254.23, 02286.00
255.05, 02251.00
255.86, 02231.00
256.67, 02259.00
257.36, 02304.00
258.30, 02344.00
258.98, 02395.00
259.80, 02452.00
260.61, 02521.00
261.42, 02546.00
262.23, 02584.00
263.05, 02634.00
263.86, 02709.00
264.67, 02761.00
265.48, 02837.00
266.30, 02898.00
266.98, 02987.00
267.80, 03052.00
268.61, 03126.00
269.42, 03232.00
270.23, 03565.00
271.05, 03447.00
271.86, 03517.00
272.67, 03662.00
273.48, 03786.00
275.00, 04032.00
275.08, 00000.00
276.69, 00000.00
277.48, 00000.00
278.30, 00000.00
279.09, 00000.00
279.89, 00000.00
280.70, 00000.00
281.50, 00000.00
282.30, 00000.00
283.09, 00000.00
283.91, 00000.00
284.70, 00000.00
285.50, 00000.00
286.31, 00000.00
287.11, 00000.00
287.91, 00000.00
288.72, 00000.00
289.52, 00000.00
290.31, 00000.00
291.12, 00000.00
291.92, 00000.00
292.72, 00000.00
293.53, 00000.00
294.33, 00000.00
295.12, 00000.00
295.94, 00000.00
296.73, 00000.00
297.53, 00000.00
298.33, 00000.00
299.14, 00000.00
299.94, 00000.00
300.73, 00000.00
301.55, 00000.00
302.34, 00000.00
303.14, 00000.00
303.92, 06981.00
303.95, 00000.00
304.73, 06894.00
305.55, 06796.00
306.36, 06671.00
307.17, 06567.00
308.77, 00000.00
308.80, 06474.00
309.61, 06454.00
310.42, 06494.00
311.23, 06418.00
312.05, 06935.00
312.98, 05405.00
313.80, 05133.00
314.61, 04858.00
315.42, 04600.00
316.23, 04557.00
317.05, 04431.00
317.86, 04196.00
318.67, 04088.00
319.48, 03988.00
320.42, 03583.00
321.23, 03509.00
322.05, 03427.00
322.86, 03321.00
323.67, 03245.00
324.48, 03160.00
325.30, 03107.00
326.11, 03041.00
326.95, 02991.00
327.86, 02912.00
328.55, 02935.00
329.36, 02966.00
330.16, 02951.00
330.97, 02985.00
331.78, 03064.00
332.59, 03719.00
333.39, 03760.00
334.20, 03818.00
335.02, 03856.00
335.69, 03942.00
336.50, 03985.00
337.31, 04052.00
338.12, 04099.00
338.92, 04168.00
339.73, 04209.00
340.55, 04255.00
341.34, 04323.00
342.53, 02241.00
343.34, 02213.00
344.16, 02198.00
344.95, 02169.00
345.77, 02135.00
346.58, 02123.00
347.38, 02089.00
348.19, 02071.00
349.00, 02046.00
349.81, 02031.00
350.61, 02013.00
351.42, 01973.00
352.06, 01964.00
352.97, 01945.00
353.64, 01941.00
354.42, 01921.00
355.34, 01902.00
356.12, 01885.00
356.92, 01878.00
357.70, 01858.00
358.50, 01853.00
359.30, 01834.00
0.45, 01790.00
1.27, 01776.00
2.08, 01772.00
2.89, 01748.00
3.69, 01746.00
4.50, 01745.00
5.31, 01721.00
6.25, 01690.00
7.06, 01656.00
7.75, 01627.00
8.69, 01597.00
9.48, 01580.00
10.17, 01736.00
10.98, 01692.00
11.80, 01667.00
12.61, 01658.00
13.42, 01653.00
14.34, 01641.00
15.16, 01646.00
15.84, 01639.00
16.66, 01637.00
17.47, 01637.00
18.41, 01641.00
19.09, 01624.00
19.91, 01627.00
20.72, 01623.00
21.55, 01625.00
22.50, 01619.00
23.31, 01608.00
24.00, 01610.00
24.94, 01607.00
25.77, 01599.00
26.58, 01607.00
27.42, 01615.00
28.09, 01610.00
29.03, 01613.00
29.86, 01618.00
30.67, 01616.00
31.38, 01622.00
32.19, 01626.00
33.00, 01626.00
33.83, 01627.00
34.64, 01635.00
35.47, 01639.00
36.28, 01638.00
37.22, 01643.00
38.05, 01656.00
38.86, 01662.00
39.56, 01667.00
40.38, 01670.00
41.19, 01689.00
42.02, 01707.00
42.83, 01713.00
43.66, 01715.00
44.47, 01713.00
45.30, 01721.00
46.09, 01742.00
46.91, 01753.00
47.70, 01743.00
48.52, 01753.00
49.31, 01771.00
50.12, 01779.00
50.94, 01791.00
51.73, 01798.00
52.55, 01809.00
53.34, 01855.00
54.16, 01876.00
54.84, 01883.00
55.77, 01902.00
56.45, 01923.00
57.25, 01944.00
58.06, 01993.00
58.88, 01960.00
59.67, 01971.00
60.48, 01995.00
61.28, 02007.00
62.09, 02025.00
62.91, 02049.00
63.70, 02079.00
64.52, 02112.00
65.31, 02131.00
66.12, 02159.00
66.94, 02186.00
67.73, 02225.00
68.55, 02246.00
69.22, 02279.00
70.03, 02339.00
70.84, 02370.00
71.66, 02419.00
72.48, 02451.00
73.31, 02481.00
74.14, 02532.00
74.97, 02584.00
75.80, 02606.00
76.64, 02667.00
77.45, 02709.00
78.28, 02759.00
79.11, 02808.00
79.94, 02866.00
80.64, 02941.00
81.47, 02990.00
82.30, 03074.00
83.12, 03113.00
83.95, 03211.00
84.77, 03269.00
85.59, 03356.00
86.42, 03434.00
87.25, 03475.00
88.08, 03579.00
88.91, 03664.00
89.61, 03810.00
90.44, 03932.00
91.27, 04107.00
92.11, 04228.00
92.92, 04435.00
93.75, 04557.00
94.58, 04698.00
95.41, 04912.00
96.23, 05153.00
97.06, 05344.00
97.86, 05589.00
98.55, 05873.00
99.36, 06152.00
100.17, 06526.00
100.98, 06981.00
101.80, 07378.00
104.12, 00000.00
104.95, 00000.00
105.78, 00000.00
106.59, 00000.00
107.42, 00000.00
108.23, 00000.00
108.30, 09085.00
109.06, 00000.00
109.11, 09573.00
111.53, 00000.00
112.36, 00000.00
113.16, 08826.00
113.17, 00000.00
113.97, 08908.00
114.00, 00000.00
114.78, 08939.00
117.28, 00000.00
118.11, 00000.00
118.84, 08946.00
118.92, 00000.00
119.66, 08946.00
119.75, 00000.00
122.22, 00000.00
123.03, 00000.00
123.72, 08984.00
123.86, 00000.00
124.69, 00000.00
126.17, 07113.00
126.33, 00000.00
127.14, 00000.00
127.81, 06123.00
128.75, 05760.00
128.80, 00000.00
130.39, 05138.00
131.20, 04905.00
131.25, 00000.00
132.02, 04935.00
132.84, 04491.00
134.47, 04113.00
135.36, 00000.00
135.42, 03929.00
136.23, 03216.00
137.05, 03658.00
137.88, 03490.00
138.69, 03397.00
139.50, 03311.00
140.33, 03258.00
141.14, 03168.00
141.95, 03080.00
142.78, 02990.00
143.72, 02905.00
145.36, 02713.00
146.05, 00000.00
146.17, 02657.00
146.98, 02593.00
147.81, 02540.00
148.62, 02479.00
150.28, 02424.00
150.98, 00000.00
151.11, 02380.00
151.94, 02329.00
152.89, 02285.00
153.72, 02240.00
154.55, 02206.00
155.39, 02170.00
156.20, 02133.00
157.03, 02112.00
157.86, 02067.00
158.69, 02037.00
159.52, 02010.00
160.34, 01985.00
161.17, 01949.00
162.00, 01927.00
162.97, 01900.00
163.80, 01881.00
164.50, 01859.00
165.45, 01839.00
166.28, 01816.00
167.11, 01795.00
167.94, 01771.00
168.77, 01760.00
169.59, 01736.00
170.42, 01716.00
171.25, 01695.00
172.08, 01680.00
173.03, 01662.00
173.73, 01652.00
174.56, 01635.00
175.39, 01665.00
176.23, 01711.00
177.03, 01760.00
177.84, 01813.00
178.53, 01871.00
179.47, 01922.00
180.16, 01979.00
180.97, 02048.00
181.77, 02109.00
182.58, 02195.00
183.39, 02270.00
184.22, 02341.00
184.89, 02441.00
185.70, 02545.00
186.50, 02642.00
187.31, 02776.00
188.12, 02898.00
188.81, 03038.00
189.62, 03180.00
190.44, 03371.00
191.25, 03559.00
192.05, 03783.00
192.73, 04053.00
193.55, 04369.00
194.36, 04738.00
195.17, 05153.00
195.98, 05504.00
196.66, 06221.00
197.47, 06796.00
199.09, 09046.00
200.30, 00000.00
201.94, 00000.00
202.77, 00000.00
203.58, 00000.00
204.41, 00000.00
205.23, 00000.00
206.05, 00000.00
206.88, 00000.00
207.69, 00000.00
208.52, 00000.00
209.34, 00000.00
210.16, 00000.00
210.98, 00000.00
211.80, 00000.00
212.62, 00000.00
213.45, 00000.00
214.27, 00000.00
214.84, 09172.00
215.09, 00000.00
215.67, 08207.00
215.91, 00000.00
218.38, 00000.00
219.20, 00000.00
220.02, 00000.00
220.80, 05720.00
220.84, 00000.00
221.62, 05481.00
221.67, 00000.00
222.47, 05272.00
223.30, 05073.00
224.12, 04796.00
224.95, 04589.00
225.80, 04453.00
226.62, 04300.00
227.45, 04123.00
228.30, 03974.00
229.23, 03849.00
230.06, 03738.00
230.89, 03634.00
231.72, 03546.00
232.55, 03435.00
233.36, 03350.00
234.19, 03249.00
235.02, 03160.00
235.84, 03047.00
236.67, 02995.00
237.61, 02898.00
238.44, 02829.00
239.27, 02711.00
240.09, 02746.00
240.92, 02737.00
241.75, 02666.00
242.58, 02610.00
243.39, 02578.00
244.22, 02531.00
245.05, 02479.00
245.88, 02450.00
246.69, 02400.00
247.52, 02347.00
248.34, 02308.00
249.30, 02284.00
250.00, 02261.00
250.94, 02226.00
251.77, 02201.00
252.59, 02165.00
253.42, 02153.00
254.25, 02201.00
255.08, 02231.00
255.78, 02277.00
256.64, 02309.00
257.45, 02348.00
258.30, 02398.00
259.12, 02442.00
259.97, 02504.00
260.80, 02548.00
261.64, 02598.00
262.47, 02668.00
263.31, 02724.00
264.14, 02799.00
264.86, 02857.00
265.69, 02922.00
266.53, 03006.00
267.36, 03102.00
268.20, 03206.00
269.03, 03252.00
269.88, 03395.00
270.70, 03479.00
271.55, 03578.00
273.45, 00000.00
274.27, 00000.00
275.09, 00000.00
275.91, 00000.00
276.73, 00000.00
277.56, 00000.00
278.38, 00000.00
279.20, 00000.00
280.02, 00000.00
280.84, 00000.00
281.67, 00000.00
282.48, 00000.00
283.31, 00000.00
284.12, 00000.00
284.95, 00000.00
285.78, 00000.00
286.59, 00000.00
287.42, 00000.00
288.23, 00000.00
289.06, 00000.00
289.89, 00000.00
290.70, 00000.00
291.53, 00000.00
292.36, 00000.00
293.17, 00000.00
294.00, 00000.00
294.81, 00000.00
295.64, 00000.00
296.47, 00000.00
297.28, 00000.00
298.11, 00000.00
298.92, 00000.00
299.75, 00000.00
300.58, 00000.00
301.39, 00000.00
302.22, 00000.00
303.03, 00000.00
303.59, 06831.00
303.86, 00000.00
304.41, 06739.00
305.23, 06646.00
306.06, 06506.00
307.97, 00000.00
308.55, 06303.00
308.80, 00000.00
309.39, 06247.00
310.22, 06288.00
311.06, 06454.00
311.89, 06587.00
312.86, 05206.00
313.69, 05020.00
314.53, 04730.00
315.36, 04522.00
316.20, 04402.00
317.03, 04309.00
317.88, 04238.00
318.70, 03935.00
319.67, 03696.00
320.50, 03475.00
321.34, 03396.00
322.17, 03342.00
323.02, 03217.00
323.84, 03130.00
325.23, 00000.00
325.52, 03020.00
326.36, 02949.00
327.31, 02898.00
328.16, 02842.00
328.98, 02839.00
329.70, 02851.00
330.53, 02857.00
331.38, 02895.00
332.20, 02946.00
333.05, 03666.00
333.88, 03701.00
334.72, 03780.00
335.55, 03806.00
336.25, 03832.00
337.08, 03896.00
337.91, 03960.00
338.73, 04030.00
339.56, 04132.00
340.39, 04178.00
341.22, 04203.00
342.05, 04270.00
342.88, 04323.00
344.08, 02159.00
344.91, 02146.00
345.73, 02121.00
346.56, 02097.00
347.39, 02070.00
348.22, 02050.00
349.05, 02038.00
349.88, 02013.00
350.70, 01991.00
351.53, 01968.00
352.36, 01936.00
353.05, 01923.00
353.84, 01923.00
354.66, 01892.00
355.59, 01877.00
356.41, 01875.00
357.22, 01856.00
358.03, 01857.00
358.83, 01798.00
359.64, 01799.00
0.77, 01790.00
1.61, 01755.00
2.44, 01752.00
3.27, 01743.00
4.09, 01741.00
4.94, 01733.00
5.89, 01714.00
6.72, 01706.00
7.42, 01702.00
8.39, 01673.00
9.09, 01651.00
9.92, 01631.00
10.88, 01615.00
11.72, 01583.00
12.55, 01565.00
13.25, 01713.00
14.20, 01669.00
14.92, 01658.00
15.75, 01638.00
16.58, 01633.00
17.41, 01631.00
18.25, 01624.00
19.08, 01624.00
19.91, 01624.00
20.73, 01622.00
21.58, 01623.00
22.41, 01624.00
23.36, 01621.00
24.19, 01617.00
25.03, 01618.00
25.86, 01611.00
26.69, 01619.00
27.52, 01614.00
28.23, 01622.00
29.06, 01635.00
29.91, 01639.00
30.75, 01631.00
31.59, 01638.00
32.44, 01629.00
33.28, 01637.00
34.25, 01641.00
35.09, 01642.00
35.94, 01646.00
36.66, 01653.00
37.61, 01656.00
38.33, 01667.00
39.17, 01672.00
40.02, 01684.00
40.98, 01682.00
41.83, 01690.00
42.55, 01696.00
43.39, 01708.00
44.23, 01718.00
45.08, 01727.00
46.31, 00000.00
46.75, 01746.00
47.59, 01761.00
48.44, 01779.00
49.28, 01792.00
50.12, 01798.00
50.97, 01804.00
51.81, 01810.00
52.66, 01835.00
53.50, 01852.00
54.34, 01858.00
55.19, 01870.00
56.00, 01917.00
56.70, 01937.00
57.53, 01952.00
58.36, 01981.00
59.19, 01998.00
60.02, 02018.00
61.48, 00000.00
61.66, 02046.00
62.48, 02057.00
63.31, 02082.00
64.14, 02121.00
64.97, 02132.00
65.78, 02167.00
66.61, 02192.00
67.44, 02229.00
68.27, 02253.00
68.97, 02291.00
69.80, 02315.00
70.75, 02341.00
71.44, 02426.00
72.27, 02464.00
73.09, 02492.00
73.92, 02544.00
74.75, 02590.00
75.58, 02632.00
76.39, 02682.00
77.22, 02743.00
78.05, 02778.00
78.88, 02845.00
79.70, 02905.00
80.41, 02985.00
81.23, 03042.00
82.08, 03105.00
82.92, 03170.00
83.77, 03240.00
84.61, 03342.00
85.45, 03422.00
86.31, 03499.00
87.16, 03574.00
88.00, 03644.00
88.72, 03789.00
89.69, 03897.00
91.27, 04269.00
91.84, 00000.00
92.11, 04431.00
92.95, 04579.00
93.80, 04747.00
94.66, 04928.00
95.50, 05150.00
96.34, 05358.00
97.19, 05634.00
98.03, 05857.00
98.75, 06276.00
99.61, 06625.00
101.30, 07424.00
101.95, 00000.00
102.14, 07946.00
104.48, 00000.00
105.33, 00000.00
106.17, 00000.00
107.02, 00000.00
107.22, 08753.00
107.86, 00000.00
108.08, 09077.00
110.39, 00000.00
111.23, 00000.00
112.08, 00000.00
112.91, 00000.00
113.09, 09180.00
113.75, 00000.00
113.94, 09077.00
116.28, 00000.00
117.12, 00000.00
117.97, 00000.00
118.81, 00000.00
118.97, 09085.00
119.66, 00000.00
121.34, 00000.00
122.19, 00000.00
123.03, 00000.00
123.16, 09077.00
123.88, 00000.00
124.84, 07702.00
125.56, 00000.00
125.67, 07137.00
127.36, 06173.00
128.09, 00000.00
128.19, 06654.00
130.00, 05130.00
130.62, 00000.00
130.83, 04979.00
131.67, 04537.00
133.34, 04279.00
133.98, 00000.00
134.19, 04066.00
135.16, 03342.00
136.00, 03685.00
136.84, 03589.00
137.69, 03457.00
139.38, 03299.00
139.89, 00000.00
140.22, 03213.00
141.06, 03102.00
141.92, 03045.00
142.77, 02973.00
143.73, 02805.00
144.58, 02732.00
145.42, 02689.00
146.27, 02623.00
147.11, 02571.00
148.81, 02498.00
149.17, 00000.00
149.66, 02443.00
150.50, 02395.00
151.34, 02340.00
152.31, 02289.00
153.03, 02250.00
154.00, 02219.00
154.84, 02177.00
155.70, 02144.00
156.55, 02102.00
157.39, 02065.00
158.23, 02039.00
159.08, 02014.00
159.92, 01983.00
160.77, 01954.00
161.73, 01924.00
162.59, 01902.00
163.42, 01878.00
164.25, 01859.00
165.09, 01834.00
165.94, 01817.00
166.77, 01791.00
167.59, 01773.00
168.44, 01742.00
169.27, 01721.00
170.09, 01698.00
170.94, 01686.00
171.77, 01714.00
172.61, 01762.00
173.44, 01814.00
174.28, 01863.00
175.11, 01907.00
175.83, 01964.00
176.66, 02018.00
177.48, 02078.00
178.33, 02145.00
179.16, 02212.00
179.88, 02269.00
180.70, 02352.00
181.55, 02438.00
182.38, 02524.00
183.20, 02611.00
184.05, 02715.00
184.88, 02834.00
185.59, 02950.00
186.42, 03071.00
187.27, 03233.00
188.09, 03385.00
188.94, 03552.00
189.66, 03775.00
190.50, 04000.00
191.34, 04265.00
192.20, 04585.00
193.05, 04838.00
193.89, 05325.00
194.73, 05760.00
195.47, 06273.00
196.31, 06939.00
198.00, 08819.00
198.91, 00000.00
199.70, 11701.00
200.59, 00000.00
202.28, 00000.00
203.12, 00000.00
203.97, 00000.00
204.81, 00000.00
205.66, 00000.00
206.50, 00000.00
207.34, 00000.00
208.19, 00000.00
209.03, 00000.00
209.88, 00000.00
210.72, 00000.00
211.56, 00000.00
212.39, 00000.00
212.42, 05983.00
213.23, 00000.00
213.27, 08863.00
214.95, 07958.00
215.77, 00000.00
217.45, 00000.00
218.30, 00000.00
219.14, 00000.00
219.31, 05707.00
219.98, 00000.00
220.16, 05419.00
221.00, 05178.00
221.84, 04942.00
222.69, 04686.00
223.53, 04495.00
224.38, 04330.00
225.22, 04140.00
226.06, 04006.00
227.03, 03842.00
227.88, 03708.00
228.72, 03617.00
229.56, 03484.00
230.41, 03394.00
231.25, 03278.00
232.09, 03202.00
232.94, 03108.00
233.91, 02923.00
234.62, 02946.00
235.47, 02820.00
236.44, 02689.00
237.28, 02666.00
238.12, 02691.00
238.97, 02628.00
239.81, 02582.00
240.66, 02531.00
241.50, 02474.00
242.34, 02422.00
243.20, 02369.00
244.17, 02333.00
244.89, 02293.00
245.73, 02250.00
246.70, 02219.00
247.55, 02186.00
248.39, 02150.00
249.23, 02115.00
250.08, 02078.00
250.92, 02076.00
251.77, 02111.00
252.62, 02160.00
253.47, 02181.00
254.31, 02229.00
255.03, 02268.00
255.88, 02312.00
256.84, 02341.00
257.56, 02392.00
258.41, 02448.00
259.25, 02503.00
260.09, 02551.00
260.94, 02600.00
261.80, 02664.00
262.64, 02722.00
263.48, 02793.00
264.20, 02858.00
265.05, 02936.00
265.89, 03021.00
266.73, 03107.00
267.58, 03178.00
268.42, 03292.00
269.27, 03389.00
270.12, 03487.00
271.84, 03739.00
272.27, 00000.00
273.94, 00000.00
274.78, 00000.00
275.16, 04420.00
275.62, 00000.00
277.31, 00000.00
278.16, 00000.00
279.00, 00000.00
279.84, 00000.00
280.69, 00000.00
281.53, 00000.00
282.38, 00000.00
283.22, 00000.00
284.06, 00000.00
284.91, 00000.00
285.75, 00000.00
286.59, 00000.00
287.44, 00000.00
288.28, 00000.00
289.12, 00000.00
289.97, 00000.00
290.81, 00000.00
291.66, 00000.00
292.48, 00000.00
293.33, 00000.00
294.17, 00000.00
295.02, 00000.00
295.86, 00000.00
296.70, 00000.00
297.55, 00000.00
298.39, 00000.00
299.23, 00000.00
300.08, 00000.00
300.92, 00000.00
301.77, 00000.00
302.61, 00000.00
303.31, 06722.00
303.45, 00000.00
304.17, 06629.00
305.02, 06534.00
305.86, 06399.00
307.67, 00000.00
308.39, 06170.00
308.52, 00000.00
309.23, 06228.00
310.08, 06159.00
310.94, 06303.00
311.78, 06791.00
312.75, 05123.00
313.59, 04823.00
314.44, 04672.00
315.28, 04453.00
316.12, 04307.00
316.97, 04127.00
317.83, 03988.00
318.67, 03866.00
319.64, 03737.00
320.48, 03439.00
321.33, 03339.00
322.17, 03256.00
323.02, 03173.00
323.86, 03089.00
324.72, 03032.00
325.69, 02968.00
326.41, 02902.00
327.38, 02841.00
328.23, 02783.00
329.08, 02726.00
329.92, 02774.00
330.77, 02758.00
331.62, 02788.00
332.47, 02806.00
333.31, 02869.00
334.03, 03623.00
334.89, 03648.00
335.73, 03680.00
336.58, 03731.00
337.42, 03806.00
338.28, 03859.00
339.00, 03901.00
339.84, 03997.00
340.69, 04069.00
341.55, 04115.00
342.39, 04183.00
343.23, 04248.00
344.08, 04309.00
344.94, 04420.00
346.16, 02094.00
347.00, 02058.00
347.84, 02044.00
348.70, 02018.00
349.55, 01994.00
350.39, 01980.00
351.23, 01967.00
352.36, 01949.00
353.19, 01940.00
354.14, 01887.00
354.97, 01876.00
355.80, 01869.00
356.62, 01867.00
357.45, 01843.00
358.28, 01824.00
359.11, 01828.00
359.94, 01794.00
0.70, 01785.00
1.55, 01784.00
2.39, 01777.00
3.25, 01760.00
4.09, 01711.00
4.94, 01706.00
5.80, 01704.00
6.64, 01695.00
7.61, 01690.00
8.33, 01691.00
9.19, 01677.00
10.16, 01669.00
10.88, 01671.00
11.86, 01648.00
12.58, 01627.00
13.55, 01599.00
14.41, 01581.00
15.25, 01562.00
16.09, 01544.00
16.95, 01645.00
17.80, 01647.00
18.52, 01633.00
19.38, 01630.00
20.22, 01623.00
21.20, 01619.00
22.06, 01618.00
22.92, 01618.00
23.78, 01618.00
24.64, 01600.00
25.50, 01615.00
26.36, 01621.00
27.22, 01616.00
27.95, 01627.00
28.80, 01630.00
29.66, 01630.00
30.52, 01637.00
31.38, 01640.00
32.23, 01638.00
33.09, 01635.00
34.08, 01645.00
34.94, 01644.00
35.67, 01653.00
36.53, 01653.00
37.39, 01665.00
38.23, 01667.00
39.09, 01671.00
40.08, 01673.00
40.94, 01683.00
41.80, 01697.00
42.53, 01704.00
43.39, 01707.00
44.25, 01726.00
45.11, 01736.00
45.97, 01742.00
46.83, 01759.00
47.67, 01768.00
48.52, 01787.00
49.36, 01802.00
50.20, 01803.00
51.05, 01820.00
51.89, 01827.00
52.61, 01855.00
53.45, 01862.00
54.42, 01869.00
55.27, 01893.00
55.98, 01904.00
56.95, 01922.00
57.67, 01950.00
58.52, 01992.00
59.36, 02025.00
60.20, 02041.00
61.05, 02065.00
61.89, 02112.00
62.73, 02080.00
63.58, 02119.00
64.42, 02145.00
65.27, 02174.00
66.11, 02194.00
66.95, 02236.00
67.67, 02268.00
68.52, 02302.00
69.36, 02330.00
70.20, 02383.00
71.05, 02407.00
71.77, 03134.00
72.73, 02524.00
73.59, 02564.00
74.45, 02601.00
75.31, 02662.00
76.19, 02692.00
77.05, 02764.00
77.80, 02820.00
78.78, 02869.00
79.53, 02945.00
80.39, 03013.00
81.27, 03091.00
82.12, 03147.00
83.00, 03225.00
83.86, 03305.00
84.73, 03379.00
85.59, 03500.00
86.48, 03597.00
88.19, 03742.00
88.31, 00000.00
89.06, 03859.00
89.80, 03982.00
90.67, 04446.00
91.53, 04383.00
92.41, 04543.00
93.27, 04690.00
94.14, 04878.00
95.00, 05118.00
95.88, 05341.00
96.73, 05619.00
97.48, 05896.00
98.34, 06258.00
99.22, 06571.00
100.95, 07446.00
101.20, 00000.00
101.80, 07988.00
103.78, 00000.00
104.64, 00000.00
105.50, 00000.00
106.36, 00000.00
106.89, 09245.00
107.22, 00000.00
107.73, 09172.00
109.80, 00000.00
110.66, 00000.00
111.52, 00000.00
111.98, 09310.00
112.38, 00000.00
112.83, 09221.00
113.67, 09213.00
115.81, 00000.00
116.67, 00000.00
117.53, 00000.00
117.92, 09205.00
118.39, 00000.00
118.77, 09213.00
120.97, 00000.00
121.83, 00000.00
122.69, 00000.00
123.55, 00000.00
123.86, 07946.00
124.41, 00000.00
124.70, 07270.00
126.41, 06280.00
126.98, 00000.00
127.38, 05304.00
129.09, 05240.00
129.56, 00000.00
129.95, 04027.00
130.81, 04608.00
132.55, 04309.00
133.00, 00000.00
133.41, 04115.00
134.27, 03886.00
135.25, 03752.00
136.11, 03592.00
137.84, 03436.00
138.14, 00000.00
138.70, 03308.00
139.56, 03213.00
140.44, 03109.00
141.42, 02399.00
142.16, 02899.00
143.14, 02812.00
144.00, 02728.00
144.88, 02688.00
146.59, 02584.00
146.73, 00000.00
147.45, 02542.00
148.33, 02475.00
149.19, 02429.00
150.05, 02381.00
151.03, 02336.00
151.77, 02293.00
152.77, 02248.00
153.62, 02220.00
154.48, 02177.00
155.34, 02135.00
156.22, 02086.00
157.06, 02067.00
157.92, 02037.00
158.77, 02008.00
159.62, 01970.00
160.48, 01942.00
161.45, 01911.00
162.19, 01894.00
163.17, 01869.00
163.89, 01853.00
164.88, 01820.00
165.72, 01801.00
166.58, 01771.00
167.44, 01748.00
168.28, 01782.00
169.14, 01827.00
169.88, 01872.00
170.86, 01909.00
171.58, 01964.00
172.42, 02016.00
173.28, 02069.00
174.14, 02121.00
174.98, 02175.00
175.84, 02247.00
176.58, 02306.00
177.55, 02356.00
178.28, 02437.00
179.12, 02522.00
180.00, 02608.00
180.84, 02706.00
181.56, 02783.00
182.42, 02901.00
183.28, 03014.00
184.14, 03142.00
185.00, 03257.00
185.86, 03407.00
186.72, 03577.00
187.59, 03778.00
188.33, 03982.00
189.19, 04230.00
190.05, 04497.00
190.91, 04796.00
191.78, 05103.00
192.66, 05458.00
193.38, 06007.00
194.23, 06383.00
195.11, 07270.00
195.97, 07976.00
196.83, 08939.00
198.55, 12049.00
199.16, 00000.00
200.88, 00000.00
201.73, 00000.00
202.59, 00000.00
203.45, 00000.00
204.31, 00000.00
205.17, 00000.00
206.03, 00000.00
206.89, 00000.00
207.75, 00000.00
208.59, 00000.00
209.45, 00000.00
210.31, 00000.00
211.17, 00000.00
212.03, 00000.00
212.36, 09038.00
212.89, 00000.00
214.61, 00000.00
215.47, 00000.00
216.33, 00000.00
217.19, 00000.00
217.66, 05720.00
218.05, 00000.00
218.52, 05374.00
219.38, 05145.00
220.25, 04827.00
221.11, 04613.00
221.97, 04429.00
222.83, 04216.00
223.69, 04053.00
224.69, 03859.00
225.55, 03723.00
226.41, 03592.00
227.27, 03468.00
228.12, 03377.00
228.98, 03234.00
229.86, 03133.00
230.72, 03049.00
231.58, 02882.00
232.56, 02869.00
233.44, 02737.00
234.30, 02571.00
235.16, 02619.00
236.02, 02601.00
236.88, 02545.00
237.73, 02474.00
238.61, 02429.00
239.47, 02388.00
240.33, 02331.00
241.31, 02272.00
242.05, 02241.00
243.03, 02194.00
243.89, 02165.00
244.77, 02117.00
245.62, 02075.00
246.48, 02034.00
247.34, 02009.00
248.20, 02003.00
249.06, 02024.00
249.94, 02055.00
250.80, 02084.00
251.66, 02135.00
252.52, 02167.00
253.38, 02201.00
254.23, 02221.00
255.09, 02275.00
255.84, 02328.00
256.70, 02353.00
257.56, 02413.00
258.42, 02470.00
259.28, 02539.00
260.16, 02579.00
261.02, 02633.00
261.88, 02687.00
262.73, 02756.00
263.59, 02839.00
264.33, 02910.00
265.19, 02993.00
266.06, 03039.00
266.94, 03151.00
267.81, 03285.00
268.69, 03410.00
269.56, 03486.00
271.31, 03743.00
271.33, 00000.00
272.94, 04049.00
273.05, 00000.00
274.77, 00000.00
275.62, 00000.00
276.48, 00000.00
277.34, 00000.00
278.20, 00000.00
279.06, 00000.00
279.92, 00000.00
280.77, 00000.00
281.62, 00000.00
282.48, 00000.00
283.34, 00000.00
284.20, 00000.00
285.06, 00000.00
285.92, 00000.00
286.78, 00000.00
287.64, 00000.00
288.50, 00000.00
289.36, 00000.00
290.22, 00000.00
291.08, 00000.00
291.94, 00000.00
292.80, 00000.00
293.66, 00000.00
294.52, 00000.00
295.38, 00000.00
296.23, 00000.00
297.09, 00000.00
297.95, 00000.00
298.81, 00000.00
299.67, 00000.00
300.53, 00000.00
301.39, 00000.00
302.25, 00000.00
302.38, 06667.00
303.23, 06604.00
304.09, 06410.00
304.94, 06387.00
305.80, 06273.00
306.66, 06221.00
307.52, 06077.00
308.38, 06021.00
309.23, 06206.00
310.09, 06109.00
310.94, 06633.00
311.92, 05232.00
312.78, 04963.00
313.64, 04682.00
314.50, 04520.00
315.36, 04302.00
316.20, 04206.00
317.06, 04000.00
318.05, 03767.00
318.91, 03768.00
319.77, 03649.00
320.62, 03351.00
321.48, 03259.00
322.34, 03165.00
323.22, 03080.00
324.09, 03020.00
324.97, 02941.00
325.83, 02893.00
326.70, 02820.00
327.70, 02778.00
328.58, 02722.00
329.45, 02669.00
330.31, 02647.00
331.19, 02670.00
332.06, 02703.00
332.94, 02715.00
333.80, 02761.00
334.55, 03502.00
335.42, 03573.00
336.30, 03628.00
337.17, 03653.00
338.03, 03718.00
338.91, 03748.00
339.66, 03832.00
340.53, 03913.00
341.39, 03976.00
342.27, 04016.00
343.14, 04124.00
344.02, 04191.00
344.89, 04267.00
345.75, 04360.00
346.64, 04491.00
347.88, 02044.00
348.75, 01998.00
349.62, 01991.00
350.48, 01964.00
351.34, 01954.00
352.09, 01941.00
352.94, 01925.00
353.78, 01911.00
354.62, 01892.00
355.61, 01877.00
356.45, 01821.00
357.30, 01819.00
358.16, 01817.00
359.00, 01806.00
359.84, 01801.00
0.12, 01764.00
1.00, 01758.00
1.86, 01764.00
2.73, 01747.00
3.59, 01755.00
4.45, 01744.00
5.33, 01728.00
6.19, 01722.00
7.19, 01706.00
7.92, 01680.00
8.78, 01676.00
9.66, 01673.00
10.52, 01670.00
11.52, 01668.00
12.25, 01661.00
13.11, 01649.00
14.11, 01654.00
14.84, 01636.00
15.84, 01613.00
16.70, 01594.00
17.58, 01574.00
18.44, 01558.00
19.31, 01541.00
20.19, 01594.00
21.06, 01642.00
21.81, 01625.00
22.81, 01584.00
23.69, 01595.00
24.56, 01611.00
25.44, 01616.00
26.31, 01621.00
27.06, 01624.00
27.94, 01625.00
28.94, 01618.00
29.69, 01631.00
30.56, 01630.00
31.44, 01628.00
32.42, 01648.00
33.30, 01642.00
34.17, 01647.00
34.92, 01649.00
35.92, 01664.00
36.67, 01660.00
37.55, 01673.00
38.55, 01669.00
39.30, 01681.00
40.30, 01686.00
41.05, 01693.00
41.92, 01696.00
42.92, 01706.00
43.67, 01714.00
44.55, 01733.00
45.42, 01738.00
46.28, 01750.00
47.14, 01762.00
48.00, 01778.00
48.88, 01795.00
49.73, 01813.00
50.59, 01819.00
51.45, 01829.00
52.33, 01858.00
53.19, 01859.00
53.92, 01891.00
55.58, 00000.00
55.66, 01904.00
56.52, 01928.00
57.38, 01949.00
58.25, 01970.00
59.23, 01989.00
59.97, 02004.00
60.84, 02070.00
61.70, 02086.00
62.58, 02122.00
63.42, 02148.00
65.16, 02173.00
65.27, 00000.00
66.02, 02198.00
66.89, 02234.00
67.75, 02265.00
68.61, 02288.00
69.47, 02336.00
70.34, 02371.00
71.08, 02422.00
71.94, 02457.00
72.81, 02502.00
73.69, 02581.00
74.58, 02615.00
75.45, 02675.00
76.34, 02734.00
77.23, 02780.00
78.11, 02847.00
78.88, 02916.00
79.77, 02963.00
80.64, 03030.00
81.53, 03108.00
82.41, 03205.00
83.30, 03256.00
84.19, 03347.00
85.08, 03430.00
85.95, 03524.00
86.84, 03650.00
88.61, 03846.00
89.03, 00000.00
89.36, 03952.00
90.25, 04061.00
91.14, 04602.00
92.02, 04508.00
92.91, 04684.00
93.80, 04847.00
94.67, 05100.00
95.56, 05328.00
96.44, 05533.00
97.20, 05815.00
98.09, 06202.00
98.97, 06587.00
99.86, 07065.00
100.75, 07414.00
101.61, 08001.00
104.00, 00000.00
104.88, 00000.00
105.75, 00000.00
106.64, 00000.00
106.81, 09352.00
107.52, 00000.00
107.69, 09385.00
110.16, 00000.00
111.03, 00000.00
111.92, 00000.00
112.02, 09310.00
112.80, 00000.00
112.89, 09109.00
115.44, 00000.00
116.31, 00000.00
117.20, 00000.00
118.08, 00000.00
118.09, 09221.00
118.95, 00000.00
120.72, 00000.00
121.59, 00000.00
122.48, 00000.00
123.36, 00000.00
124.17, 07520.00
124.23, 00000.00
125.12, 00000.00
126.77, 06018.00
126.88, 00000.00
127.77, 00000.00
128.64, 05293.00
129.52, 00000.00
129.52, 05458.00
130.41, 04703.00
131.28, 04534.00
132.19, 04353.00
133.05, 04193.00
134.06, 03908.00
134.94, 03793.00
135.83, 03647.00
136.70, 03513.00
137.59, 03428.00
138.47, 03337.00
139.36, 03216.00
140.23, 03146.00
141.12, 02990.00
142.00, 02902.00
143.02, 02809.00
143.89, 02730.00
145.66, 02655.00
146.25, 00000.00
146.55, 02582.00
147.42, 02540.00
148.31, 02472.00
149.19, 02441.00
150.20, 02371.00
150.95, 02330.00
151.97, 02274.00
152.72, 02250.00
153.73, 02215.00
154.61, 02158.00
155.50, 02123.00
156.38, 02084.00
157.27, 02049.00
158.12, 02026.00
159.00, 01994.00
159.88, 01963.00
160.75, 01920.00
161.62, 01899.00
162.62, 01874.00
163.50, 01856.00
164.38, 01816.00
165.25, 01830.00
166.12, 01874.00
166.86, 01908.00
167.73, 01951.00
168.61, 01999.00
169.48, 02049.00
170.36, 02097.00
171.23, 02154.00
172.11, 02202.00
172.98, 02265.00
173.73, 02315.00
174.61, 02376.00
175.48, 02454.00
176.34, 02508.00
177.22, 02596.00
178.09, 02672.00
178.97, 02755.00
179.72, 02856.00
180.72, 02975.00
181.47, 03053.00
182.34, 03194.00
183.22, 03294.00
184.09, 03438.00
184.97, 03573.00
185.84, 03770.00
186.61, 03932.00
187.48, 04183.00
188.38, 04465.00
189.25, 04651.00
190.14, 04984.00
191.03, 05323.00
191.91, 05707.00
192.67, 06217.00
193.55, 06641.00
194.44, 07430.00
195.33, 08187.00
197.97, 11754.00
198.17, 00000.00
199.06, 00000.00
200.81, 00000.00
201.70, 00000.00
202.58, 00000.00
203.45, 00000.00
204.34, 00000.00
205.22, 00000.00
206.09, 00000.00
206.98, 00000.00
207.86, 00000.00
208.73, 00000.00
209.62, 00000.00
210.50, 00000.00
211.23, 08767.00
211.38, 00000.00
212.27, 00000.00
214.02, 00000.00
214.91, 00000.00
215.78, 00000.00
216.66, 05610.00
216.66, 00000.00
217.55, 00000.00
217.55, 05336.00
218.42, 05061.00
219.31, 04715.00
220.19, 04489.00
221.06, 04267.00
221.95, 04063.00
222.95, 03887.00
223.84, 03722.00
224.72, 03558.00
225.61, 03432.00
226.48, 03318.00
227.38, 03171.00
228.25, 03086.00
229.12, 02998.00
230.14, 02814.00
231.02, 02711.00
231.91, 02581.00
232.78, 02551.00
233.67, 02567.00
234.55, 02507.00
235.42, 02453.00
236.31, 02392.00
237.19, 02327.00
238.08, 02269.00
239.08, 02220.00
239.97, 02173.00
240.84, 02127.00
241.73, 02079.00
242.61, 02036.00
243.48, 01999.00
244.38, 01965.00
245.39, 01916.00
246.27, 01915.00
247.02, 01954.00
247.91, 01979.00
248.78, 02016.00
249.67, 02048.00
250.55, 02076.00
251.44, 02117.00
252.31, 02149.00
253.20, 02194.00
254.08, 02228.00
254.97, 02267.00
255.72, 02306.00
256.59, 02354.00
257.48, 02402.00
258.36, 02466.00
259.25, 02513.00
260.12, 02578.00
261.02, 02632.00
261.89, 02706.00
262.78, 02757.00
263.67, 02842.00
264.55, 02540.00
265.30, 02994.00
266.19, 03096.00
267.06, 03209.00
267.95, 03274.00
268.83, 03391.00
269.72, 03493.00
270.61, 03640.00
271.50, 03752.00
272.41, 03923.00
274.75, 00000.00
275.64, 00000.00
276.52, 00000.00
277.39, 00000.00
278.28, 00000.00
279.16, 00000.00
280.03, 00000.00
280.92, 00000.00
281.80, 00000.00
282.67, 00000.00
283.56, 00000.00
284.44, 00000.00
285.31, 00000.00
286.20, 00000.00
287.08, 00000.00
287.95, 00000.00
288.84, 00000.00
289.72, 00000.00
290.59, 00000.00
291.48, 00000.00
292.36, 00000.00
293.23, 00000.00
294.12, 00000.00
295.00, 00000.00
295.88, 00000.00
296.77, 00000.00
297.64, 00000.00
298.52, 00000.00
299.41, 00000.00
300.28, 00000.00
301.16, 00000.00
302.05, 00000.00
302.92, 00000.00
303.50, 06514.00
303.80, 00000.00
304.38, 06383.00
305.27, 06295.00
306.14, 06199.00
307.03, 06170.00
307.91, 06028.00
308.80, 05896.00
309.67, 06042.00
310.56, 05966.00
311.44, 06438.00
312.33, 06333.00
313.33, 04960.00
314.22, 04645.00
315.09, 04450.00
315.98, 04218.00
316.86, 04129.00
317.75, 04024.00
318.75, 03878.00
319.64, 03713.00
320.52, 03571.00
321.41, 03368.00
322.28, 03211.00
323.17, 03116.00
324.05, 03047.00
324.94, 02988.00
325.94, 02898.00
326.83, 02835.00
327.70, 02770.00
328.59, 02714.00
329.48, 02675.00
330.36, 02627.00
331.25, 02582.00
332.14, 02573.00
333.03, 02605.00
333.91, 02600.00
334.80, 02631.00
335.69, 02702.00
336.44, 03455.00
337.33, 03504.00
338.22, 03570.00
339.11, 03633.00
339.98, 03662.00
340.88, 03730.00
341.77, 03816.00
342.64, 03860.00
344.30, 00000.00
344.30, 04033.00
345.19, 04075.00
346.06, 04186.00
346.95, 04267.00
347.84, 04339.00
348.72, 04484.00
349.61, 04595.00
350.88, 01958.00
352.22, 01930.00
353.20, 01917.00
353.95, 01900.00
354.94, 01891.00
355.80, 01874.00
356.67, 01854.00
357.53, 01842.00
358.41, 01830.00
359.27, 01778.00
0.75, 01799.00
1.64, 01788.00
2.53, 01731.00
3.42, 01728.00
4.30, 01728.00
5.19, 01729.00
6.08, 01715.00
6.97, 01712.00
7.84, 01724.00
8.73, 01705.00
9.62, 01704.00
10.52, 01688.00
11.53, 01656.00
12.41, 01655.00
13.30, 01657.00
14.06, 01653.00
15.08, 01646.00
15.83, 01652.00
16.84, 01663.00
17.73, 01641.00
18.50, 01639.00
19.52, 01607.00
20.39, 01595.00
21.28, 01574.00
22.17, 01559.00
23.06, 01548.00
23.95, 01642.00
24.84, 01647.00
25.61, 01634.00
26.52, 01623.00
27.53, 01621.00
28.31, 01628.00
29.20, 01628.00
30.09, 01639.00
31.00, 01635.00
31.89, 01649.00
32.92, 01644.00
33.81, 01668.00
34.70, 01655.00
35.48, 01658.00
36.50, 01664.00
37.41, 01668.00
38.17, 01672.00
39.06, 01675.00
39.97, 01693.00
40.86, 01708.00
41.77, 01698.00
42.66, 01707.00
43.55, 01714.00
44.45, 01733.00
45.34, 01741.00
46.25, 01748.00
47.14, 01760.00
48.03, 01771.00
48.94, 01790.00
49.83, 01797.00
50.73, 01809.00
51.62, 01837.00
52.53, 01842.00
53.41, 01864.00
54.56, 00000.00
55.47, 00000.00
55.92, 01923.00
57.25, 00000.00
58.16, 00000.00
58.58, 01980.00
59.45, 01992.00
60.33, 02029.00
61.22, 02038.00
62.09, 02063.00
62.98, 02125.00
63.86, 02161.00
64.75, 02175.00
65.62, 02205.00
67.11, 00000.00
67.39, 02242.00
68.27, 02290.00
69.03, 02316.00
69.91, 02347.00
70.80, 02399.00
71.67, 02431.00
72.56, 02474.00
73.44, 02530.00
74.31, 02557.00
76.06, 00000.00
76.08, 02688.00
76.97, 02762.00
77.84, 02823.00
78.61, 02891.00
79.48, 02948.00
80.38, 03014.00
81.27, 03093.00
82.17, 03166.00
83.06, 03232.00
83.97, 03336.00
84.88, 03420.00
85.78, 03516.00
86.67, 03628.00
87.58, 03734.00
89.38, 03937.00
89.50, 00000.00
90.16, 04077.00
91.05, 04286.00
91.95, 04478.00
92.86, 04653.00
93.75, 04847.00
94.66, 05085.00
95.56, 05309.00
96.45, 05601.00
97.23, 05876.00
98.14, 06202.00
99.03, 06625.00
99.94, 07157.00
100.84, 07440.00
102.92, 00000.00
103.83, 00000.00
104.72, 00000.00
105.61, 00000.00
106.52, 00000.00
107.14, 09723.00
107.41, 00000.00
108.05, 09172.00
110.09, 00000.00
110.98, 00000.00
111.89, 00000.00
112.52, 09343.00
112.78, 00000.00
113.42, 09470.00
115.47, 00000.00
116.36, 00000.00
117.25, 00000.00
117.89, 09419.00
118.16, 00000.00
118.78, 09419.00
120.84, 00000.00
121.73, 00000.00
122.36, 09590.00
122.62, 00000.00
124.42, 00000.00
125.03, 08297.00
125.31, 00000.00
126.83, 05950.00
127.11, 00000.00
128.73, 05396.00
128.89, 00000.00
129.52, 06567.00
130.53, 04788.00
131.42, 04615.00
132.31, 04440.00
133.20, 04267.00
134.11, 03946.00
135.12, 03794.00
136.91, 03589.00
136.95, 00000.00
137.81, 03445.00
138.70, 03337.00
139.61, 03256.00
140.52, 03076.00
141.42, 02992.00
142.31, 02893.00
143.34, 02842.00
144.25, 02786.00
145.16, 02690.00
146.05, 02639.00
146.95, 02584.00
147.86, 02521.00
148.77, 02469.00
149.66, 02409.00
150.56, 02367.00
151.59, 02333.00
152.50, 02270.00
153.39, 02232.00
154.30, 02197.00
155.20, 02152.00
156.11, 02117.00
157.00, 02074.00
157.91, 02041.00
158.81, 02008.00
159.72, 01973.00
160.61, 01945.00
161.64, 01903.00
162.55, 01881.00
163.33, 01907.00
164.34, 01946.00
165.12, 01984.00
166.03, 02027.00
166.94, 02072.00
167.81, 02121.00
168.70, 02161.00
169.59, 02222.00
170.36, 02269.00
171.23, 02327.00
172.27, 02375.00
173.02, 02433.00
173.91, 02507.00
174.80, 02563.00
175.67, 02644.00
176.56, 02713.00
177.45, 02815.00
178.22, 02878.00
179.09, 02998.00
180.00, 03092.00
180.88, 03205.00
181.77, 03317.00
182.66, 03445.00
183.53, 03599.00
184.42, 03737.00
185.19, 03917.00
186.08, 04107.00
186.95, 04356.00
187.84, 04549.00
188.73, 04825.00
189.62, 05108.00
190.52, 05447.00
191.39, 05857.00
192.16, 06284.00
193.05, 06696.00
193.94, 07393.00
194.83, 08162.00
196.95, 00000.00
197.53, 11833.00
197.86, 00000.00
199.64, 00000.00
200.55, 00000.00
201.44, 00000.00
202.33, 00000.00
203.22, 00000.00
204.12, 00000.00
205.02, 00000.00
205.91, 00000.00
206.81, 00000.00
207.70, 00000.00
208.59, 00000.00
209.50, 00000.00
210.39, 00000.00
211.12, 08939.00
211.28, 00000.00
213.08, 00000.00
213.97, 00000.00
214.88, 00000.00
215.77, 00000.00
215.78, 05738.00
216.69, 05402.00
217.59, 05049.00
218.50, 04705.00
219.41, 04487.00
220.31, 04209.00
221.22, 03995.00
222.25, 03799.00
223.16, 03623.00
224.06, 03475.00
224.95, 03312.00
225.84, 03205.00
226.75, 03061.00
227.64, 02956.00
228.55, 02783.00
229.56, 02654.00
230.47, 02527.00
231.36, 02513.00
232.25, 02537.00
233.16, 02435.00
234.05, 02368.00
235.08, 02319.00
235.97, 02240.00
236.88, 02190.00
237.77, 02141.00
238.67, 02074.00
239.56, 02031.00
240.47, 02000.00
241.36, 01942.00
242.25, 01898.00
243.28, 01867.00
244.05, 01853.00
245.08, 01871.00
245.84, 01901.00
246.73, 01926.00
247.64, 01958.00
248.53, 01990.00
249.44, 02019.00
250.33, 02049.00
251.23, 02090.00
252.12, 02116.00
253.03, 02159.00
253.94, 02193.00
254.84, 02241.00
255.62, 02278.00
256.53, 02331.00
257.44, 02370.00
258.34, 02433.00
259.25, 02478.00
260.17, 02557.00
261.08, 02601.00
261.98, 02662.00
262.89, 02737.00
263.80, 02798.00
264.70, 02848.00
265.61, 02954.00
266.39, 03054.00
267.31, 03148.00
268.22, 03249.00
269.12, 03361.00
270.03, 03483.00
270.94, 03558.00
272.19, 00000.00
272.62, 03864.00
273.97, 00000.00
274.88, 00000.00
275.77, 00000.00
276.66, 00000.00
277.55, 00000.00
278.45, 00000.00
279.34, 00000.00
280.23, 00000.00
281.14, 00000.00
282.03, 00000.00
282.92, 00000.00
283.83, 00000.00
284.72, 00000.00
285.61, 00000.00
286.52, 00000.00
287.41, 00000.00
288.30, 00000.00
289.20, 00000.00
290.09, 00000.00
290.98, 00000.00
291.89, 00000.00
292.78, 00000.00
293.67, 00000.00
294.56, 00000.00
295.47, 00000.00
296.36, 00000.00
297.25, 00000.00
298.16, 00000.00
299.05, 00000.00
299.94, 00000.00
300.84, 00000.00
301.73, 00000.00
302.62, 00000.00
303.53, 00000.00
304.00, 06329.00
304.89, 06232.00
305.80, 06162.00
306.69, 06070.00
307.70, 05844.00
308.61, 05903.00
309.38, 05870.00
310.28, 05926.00
311.31, 05883.00
312.09, 06375.00
313.00, 06329.00
314.03, 04858.00
314.94, 04600.00
315.84, 04383.00
316.77, 04209.00
317.67, 04061.00
318.58, 03952.00
319.48, 03795.00
320.52, 03633.00
321.42, 03523.00
322.34, 03427.00
323.25, 03157.00
324.16, 03066.00
325.06, 02999.00
325.91, 00000.00
326.81, 00000.00
327.70, 00000.00
328.83, 02578.00
329.73, 02522.00
330.64, 02530.00
331.55, 02587.00
332.45, 02537.00
333.36, 02500.00
334.28, 02486.00
335.19, 02539.00
336.09, 02536.00
337.00, 02566.00
337.91, 02630.00
338.69, 03448.00
339.61, 03479.00
340.50, 03546.00
341.39, 03617.00
342.30, 03643.00
343.19, 03697.00
343.97, 03810.00
344.86, 03886.00
345.88, 03910.00
346.66, 04009.00
347.55, 04111.00
348.45, 04196.00
349.34, 04269.00
350.23, 04424.00
351.14, 04526.00
351.89, 01956.00
352.64, 01926.00
353.53, 01906.00
354.55, 01896.00
355.44, 01880.00
356.31, 01861.00
357.20, 01850.00
358.09, 01832.00
358.98, 01828.00
359.86, 01803.00
